household_id,year,month,bill_amount,estimated_kwh,total_duration_hours,total_power_watt,active_device_count
1,2024,1,750171.53,916.908,7.88,3752.76,16
1,2024,2,782097.67,642.086,8.5,2604.06,12
1,2024,3,975312.05,746.708,7.51,3208.63,13
1,2024,4,793492.99,274.582,6.88,1329.93,11
1,2024,5,721073.56,331.045,5.48,1948.1,9
1,2024,6,711666.08,432.099,4.36,3301.64,15
1,2024,7,876926.4,723.429,8.21,2841.28,14
1,2024,8,659658.56,200.113,6.29,1026.78,7
1,2024,9,656623.86,445.983,7.69,1933.5,16
1,2024,10,806869.05,799.553,8.63,2987.49,13
1,2024,11,584707.65,124.906,4.4,946.4,9
1,2024,12,794089.73,785.98,7.94,3194.77,16
1,2025,1,628751.81,161.12,3.8,1367.12,13
1,2025,2,760018.18,595.235,8.35,2544.39,14
1,2025,3,559929.98,80.574,3.22,808.27,6
1,2025,4,645797.65,578.675,8.97,2149.49,14
1,2025,5,764134.2,597.29,7.63,2524.09,19
1,2025,6,666499.25,314.946,5.84,1796.19,9
1,2025,7,546355.55,240.283,8.06,962.09,10
1,2025,8,428656.2,107.262,4.07,850.94,5
1,2025,9,340806.97,208.997,7.41,939.91,7
1,2025,10,378870.54,336.024,9.73,1113.65,11
1,2025,11,623077.9,774.157,8.45,3053.42,12
1,2025,12,499824.5,132.261,3.67,1161.03,9
2,2024,1,417191.58,411.473,4.24,3132.41,17
2,2024,2,517858.15,366.034,6.02,2095.03,10
2,2024,3,422159.54,104.661,5.91,571.2,6
2,2024,4,380762.91,268.381,4.01,2230.0,16
2,2024,5,786849.28,972.189,7.07,4437.39,18
2,2024,6,612485.02,171.496,9.71,588.73,7
2,2024,7,490986.98,200.599,6.43,1005.59,6
2,2024,8,380784.39,149.631,4.87,991.37,6
2,2024,9,470463.94,420.03,8.78,1593.91,19
2,2024,10,431454.87,251.389,3.76,2156.72,12
2,2024,11,477766.17,418.073,3.75,3712.06,17
2,2024,12,443142.74,314.659,6.88,1474.48,17
2,2025,1,528591.74,493.143,9.67,1645.02,12
2,2025,2,633972.69,606.964,9.55,2269.33,18
2,2025,3,859608.45,740.952,9.24,2586.28,10
2,2025,4,874232.65,574.964,6.63,2889.84,12
2,2025,5,672833.17,167.137,3.66,1472.58,10
2,2025,6,755102.95,559.325,4.69,3978.02,16
2,2025,7,815170.26,500.865,7.2,2245.37,20
2,2025,8,670948.08,248.876,8.44,951.01,7
2,2025,9,512522.35,136.86,4.61,990.1,12
2,2025,10,376206.32,144.752,6.54,713.51,7
2,2025,11,582053.23,647.893,8.01,2696.91,12
2,2025,12,488182.6,240.782,9.49,818.21,8
3,2024,1,557768.23,508.325,5.01,3276.16,13
3,2024,2,668236.51,620.985,7.44,2878.97,16
3,2024,3,1028175.98,959.774,7.17,4316.67,17
3,2024,4,946418.58,501.841,8.49,1969.54,12
3,2024,5,751909.17,288.522,4.63,2010.84,9
3,2024,6,985299.25,972.264,7.22,4487.67,19
3,2024,7,741127.71,271.328,6.18,1416.89,6
3,2024,8,870190.14,926.371,8.72,3428.52,16
3,2024,9,728229.02,363.726,8.77,1382.05,13
3,2024,10,686385.17,475.281,4.16,3686.62,15
3,2024,11,477876.73,102.21,3.39,1005.68,12
3,2024,12,451253.94,269.224,7.77,1118.44,6
3,2025,1,929493.16,1385.012,8.96,4987.52,21
3,2025,2,754928.69,318.157,7.0,1623.57,13
3,2025,3,558562.41,100.263,3.71,871.38,5
3,2025,4,560381.0,300.437,3.69,2711.19,11
3,2025,5,665395.87,529.348,8.46,2019.28,9
3,2025,6,712284.88,443.356,6.75,2188.61,21
3,2025,7,777415.22,657.576,7.48,2837.01,19
3,2025,8,638049.13,365.502,5.92,1992.21,12
3,2025,9,563559.5,306.513,5.66,1806.34,13
3,2025,10,782647.66,805.131,9.41,2758.74,11
3,2025,11,836298.8,634.107,7.57,2792.89,12
3,2025,12,740284.08,422.256,5.02,2714.95,14
4,2024,1,517768.77,305.334,7.3,1349.12,13
4,2024,2,554383.59,501.076,9.55,1808.97,19
4,2024,3,543189.73,343.791,8.48,1308.04,7
4,2024,4,605492.86,483.656,7.13,2260.96,18
4,2024,5,535836.93,248.717,6.26,1281.26,7
4,2024,6,673171.17,605.984,6.45,3134.1,14
4,2024,7,576439.23,215.158,3.61,1920.49,19
4,2024,8,557025.36,366.493,7.7,1535.64,7
4,2024,9,537371.28,385.657,5.55,2316.53,18
4,2024,10,601085.14,536.669,9.55,1812.22,17
4,2024,11,600962.22,360.177,9.55,1256.77,7
4,2024,12,822994.9,771.328,9.91,2511.66,17
4,2025,1,880400.36,646.828,7.46,2797.15,12
4,2025,2,598592.9,123.091,3.09,1424.48,7
4,2025,3,598184.23,368.603,6.1,1950.46,12
4,2025,4,550593.51,249.808,3.77,2206.33,10
4,2025,5,613835.59,428.414,3.74,3690.26,16
4,2025,6,528940.24,193.266,3.63,1773.2,9
4,2025,7,454135.42,248.924,8.44,951.7,9
4,2025,8,394605.43,179.826,3.25,1783.16,9
4,2025,9,541623.01,565.54,4.67,4036.8,18
4,2025,10,892007.52,989.72,9.49,3362.6,15
4,2025,11,668751.09,207.84,4.41,1570.09,18
4,2025,12,934969.82,934.596,7.41,4068.54,19
5,2024,1,401049.25,159.021,7.97,643.68,5
5,2024,2,330459.02,152.397,7.31,718.48,8
5,2024,3,265466.92,150.608,3.64,1333.96,12
5,2024,4,594262.38,703.667,8.49,2763.2,17
5,2024,5,685560.42,475.715,5.11,3003.41,12
5,2024,6,638389.99,396.219,9.58,1378.03,7
5,2024,7,567952.23,314.484,3.83,2645.61,16
5,2024,8,511578.13,275.682,6.0,1483.32,11
5,2024,9,523482.56,437.666,4.52,3225.2,21
5,2024,10,459413.38,190.757,5.93,1037.89,12
5,2024,11,434816.28,259.034,7.91,1091.03,6
5,2024,12,512349.77,505.807,8.51,1916.86,14
5,2025,1,566621.01,414.423,6.59,2028.86,14
5,2025,2,718608.68,673.633,6.53,3686.85,15
5,2025,3,693236.56,415.787,6.46,2076.56,9
5,2025,4,587628.99,235.424,3.39,2315.59,10
5,2025,5,552610.27,451.017,8.2,1774.51,13
5,2025,6,477827.73,275.681,5.61,1639.25,7
5,2025,7,738450.38,701.573,9.71,2330.97,16
5,2025,8,595122.07,230.551,7.81,951.81,7
5,2025,9,511466.65,219.415,4.46,1638.62,20
5,2025,10,555169.55,452.326,8.85,1647.95,15
5,2025,11,469005.28,247.38,3.99,2066.06,8
5,2025,12,572128.8,460.831,8.29,1793.77,19
6,2024,1,300779.46,249.82,3.31,2432.79,10
6,2024,2,326986.81,277.317,7.11,1345.88,8
6,2024,3,487989.65,482.752,7.46,2086.61,9
6,2024,4,444175.36,199.899,3.41,1955.9,9
6,2024,5,863912.69,871.565,6.38,4408.12,19
6,2024,6,803980.32,480.134,9.37,1708.62,10
6,2024,7,703562.13,389.063,6.72,1867.66,11
6,2024,8,739404.59,563.51,7.42,2451.21,10
6,2024,9,601221.98,240.537,9.49,844.68,10
6,2024,10,432851.57,142.052,3.05,1501.81,8
6,2024,11,632100.87,735.152,7.34,3337.43,13
6,2024,12,917415.17,907.53,8.04,3638.99,15
6,2025,1,732407.19,303.949,8.13,1206.46,12
6,2025,2,1117182.09,1029.741,9.79,3757.03,19
6,2025,3,1022880.5,650.882,5.43,3869.95,18
6,2025,4,1132622.42,720.954,6.43,3738.67,17
6,2025,5,924533.74,408.675,8.56,1540.84,10
6,2025,6,1406151.47,1339.03,9.47,4711.79,21
6,2025,7,906872.03,51.801,3.76,443.83,5
6,2025,8,970461.47,677.29,9.06,2411.97,11
6,2025,9,790352.87,296.568,7.35,1344.38,11
6,2025,10,587889.76,207.135,7.74,863.17,5
6,2025,11,662808.59,449.699,4.66,3214.24,16
6,2025,12,803756.64,737.579,5.09,4672.04,20
7,2024,1,252826.79,177.437,3.59,1592.74,14
7,2024,2,830159.15,1305.809,9.99,4506.75,20
7,2024,3,966500.45,794.941,9.98,2568.68,14
7,2024,4,792449.28,297.561,9.41,1054.39,7
7,2024,5,530348.81,75.604,4.41,552.54,6
7,2024,6,487487.89,346.29,5.4,2136.39,11
7,2024,7,608836.78,576.34,4.99,3724.44,21
7,2024,8,678944.12,683.738,9.36,2355.55,17
7,2024,9,572156.22,241.681,5.1,1580.95,8
7,2024,10,590801.8,457.929,9.12,1619.69,15
7,2024,11,591205.66,362.264,6.07,1989.8,9
7,2024,12,919294.73,978.128,8.7,3625.7,18
7,2025,1,723680.03,250.285,3.71,2174.29,12
7,2025,2,525449.11,232.749,6.03,1378.33,8
7,2025,3,426616.24,217.502,4.72,1485.7,17
7,2025,4,332114.09,161.457,5.19,1037.37,6
7,2025,5,402360.37,333.368,7.89,1363.43,15
7,2025,6,418597.05,294.696,5.92,1660.37,11
7,2025,7,335447.02,195.683,6.56,962.66,12
7,2025,8,647759.81,785.883,8.46,2995.14,19
7,2025,9,554286.37,188.706,6.36,989.18,8
7,2025,10,507113.99,411.472,9.51,1395.32,10
7,2025,11,426353.9,203.351,3.33,2034.55,19
7,2025,12,318594.21,185.851,4.32,1388.33,17
8,2024,1,609880.73,524.374,7.13,2371.96,13
8,2024,2,609318.02,447.153,7.33,2102.46,9
8,2024,3,875505.93,772.205,9.43,2641.12,21
8,2024,4,1088659.27,810.947,5.53,4887.5,19
8,2024,5,928309.81,368.605,4.51,2633.85,14
8,2024,6,690838.04,162.984,3.21,1693.07,18
8,2024,7,946982.39,830.867,7.96,3368.53,16
8,2024,8,789872.21,373.043,7.16,1681.42,7
8,2024,9,705279.02,349.448,6.55,1778.08,16
8,2024,10,661024.46,409.61,9.95,1327.75,16
8,2024,11,767130.48,676.399,6.75,3338.56,14
8,2024,12,696892.46,395.613,7.16,1781.87,20
8,2025,1,668056.48,388.672,7.17,1748.65,21
8,2025,2,712199.45,486.367,7.28,2387.53,19
8,2025,3,896003.55,773.556,6.97,3580.86,17
8,2025,4,810987.42,492.681,6.6,2487.5,16
8,2025,5,635712.97,191.415,3.66,1687.76,11
8,2025,6,597454.85,320.078,4.05,2637.24,13
8,2025,7,864960.22,1092.491,9.39,3753.87,16
8,2025,8,793918.66,481.061,9.15,1696.23,8
8,2025,9,648632.64,323.021,8.48,1269.63,6
8,2025,10,1017618.92,1158.746,9.06,4126.16,17
8,2025,11,718235.39,101.428,3.16,1069.24,5
8,2025,12,710434.42,478.616,9.21,1675.81,8
9,2024,1,572534.45,480.939,7.21,2151.03,14
9,2024,2,512729.5,264.299,5.64,1615.79,14
9,2024,3,521926.8,338.702,5.38,2032.21,10
9,2024,4,428069.86,169.953,8.27,684.64,7
9,2024,5,446409.21,304.195,6.65,1474.69,13
9,2024,6,374322.91,134.744,6.37,705.05,8
9,2024,7,357976.49,236.268,4.77,1598.79,16
9,2024,8,712784.82,892.382,9.31,3091.5,13
9,2024,9,508835.34,121.578,3.96,1022.21,11
9,2024,10,598667.47,565.956,8.92,2046.58,21
9,2024,11,480144.96,201.899,4.12,1632.62,13
9,2024,12,435576.83,233.699,5.07,1486.26,7
9,2025,1,440958.58,181.192,4.45,1314.14,6
9,2025,2,477349.75,425.299,3.7,4102.13,17
9,2025,3,566022.18,441.595,6.15,2316.63,15
9,2025,4,658271.27,510.63,9.12,1865.92,8
9,2025,5,600178.46,269.945,4.13,2109.08,17
9,2025,6,600081.74,393.309,6.62,1979.32,9
9,2025,7,501271.76,211.621,3.92,1740.43,11
9,2025,8,661739.76,700.055,9.67,2334.72,14
9,2025,9,546910.97,253.977,3.21,2637.04,21
9,2025,10,481458.14,248.137,7.26,1103.01,8
9,2025,11,454931.88,439.904,9.92,1478.14,13
9,2025,12,429403.59,290.362,4.07,2301.27,14
10,2024,1,712405.73,1017.46,7.36,4460.05,20
10,2024,2,634492.47,324.36,9.47,1181.52,10
10,2024,3,771371.17,677.355,4.97,4399.71,17
10,2024,4,543927.85,62.962,4.07,516.13,5
10,2024,5,477184.03,241.093,8.08,962.14,7
10,2024,6,707006.16,711.503,6.31,3758.9,20
10,2024,7,784848.04,782.399,8.92,2828.8,14
10,2024,8,783191.88,492.206,8.25,1925.18,8
10,2024,9,853177.19,660.495,9.63,2285.59,17
10,2024,10,825835.08,524.616,6.93,2441.04,16
10,2024,11,805891.85,597.028,7.53,2643.06,17
10,2024,12,712623.31,383.057,3.88,3184.18,20
10,2025,1,567232.29,135.745,3.14,1395.27,7
10,2025,2,796145.14,889.718,9.02,3521.08,16
10,2025,3,585025.42,111.603,3.97,906.69,7
10,2025,4,457279.33,226.23,4.42,1707.01,7
10,2025,5,617439.92,506.88,4.79,3416.6,18
10,2025,6,948630.44,933.974,5.8,5369.77,21
10,2025,7,1024398.8,749.58,7.27,3325.27,14
10,2025,8,896932.23,418.851,5.26,2570.89,11
10,2025,9,725440.81,237.593,4.71,1681.68,12
10,2025,10,1012591.85,1061.416,9.85,3476.97,15
10,2025,11,774521.47,247.573,6.2,1332.07,8
10,2025,12,672012.17,334.428,4.8,2245.32,17
11,2024,1,378842.74,486.308,4.17,3758.44,16
11,2024,2,752213.96,1035.569,8.87,4023.94,18
11,2024,3,854224.1,697.803,9.99,2253.17,15
11,2024,4,721527.33,206.179,7.34,936.62,6
11,2024,5,691048.82,416.093,8.54,1572.59,15
11,2024,6,546229.26,135.791,3.78,1196.53,6
11,2024,7,499110.92,253.243,6.51,1255.75,7
11,2024,8,850615.64,961.482,10.0,3102.81,12
11,2024,9,878681.26,641.949,5.23,4092.79,16
11,2024,10,756884.45,362.465,7.71,1517.34,17
11,2024,11,830262.88,647.013,5.92,3645.14,16
11,2024,12,1015776.7,850.458,6.44,4260.75,19
11,2025,1,726686.51,172.061,4.07,1362.16,14
11,2025,2,543215.08,143.023,3.0,1700.6,19
11,2025,3,511605.52,321.715,8.76,1184.44,6
11,2025,4,492295.13,308.783,8.76,1174.72,5
11,2025,5,421262.48,191.101,8.16,755.03,5
11,2025,6,353004.84,253.624,8.25,1024.51,6
11,2025,7,397394.85,330.998,8.26,1292.59,11
11,2025,8,327033.79,117.14,4.23,893.86,8
11,2025,9,398800.25,380.671,7.57,1675.17,16
11,2025,10,1030833.71,1519.809,9.83,4987.82,21
11,2025,11,877922.38,447.812,5.02,2971.4,15
11,2025,12,768482.85,390.999,8.8,1433.31,8
12,2024,1,387171.83,500.735,4.82,3350.29,20
12,2024,2,625805.64,689.556,6.93,3431.85,15
12,2024,3,543718.84,206.057,6.95,956.58,7
12,2024,4,450468.78,140.297,4.49,1042.5,13
12,2024,5,756711.44,843.184,6.29,4324.46,18
12,2024,6,509101.79,85.838,4.51,634.95,7
12,2024,7,384458.72,135.745,3.69,1185.37,10
12,2024,8,353722.6,218.456,3.94,1787.28,16
12,2024,9,320079.7,148.458,5.5,899.49,10
12,2024,10,339706.73,367.699,9.22,1286.67,11
12,2024,11,419586.65,377.025,7.34,1712.9,17
12,2024,12,470280.91,350.709,8.74,1294.61,6
12,2025,1,495011.93,298.295,5.27,1826.73,12
12,2025,2,373503.93,132.127,4.19,1125.57,5
12,2025,3,564981.56,626.368,5.67,3566.63,14
12,2025,4,515830.92,210.897,5.25,1339.64,13
12,2025,5,674801.08,572.19,5.51,3349.43,18
12,2025,6,1073146.87,1048.936,9.49,3685.37,19
12,2025,7,1031126.87,627.402,6.98,2901.39,18
12,2025,8,810543.68,292.333,5.25,1797.92,10
12,2025,9,723182.57,372.087,8.06,1538.48,14
12,2025,10,575425.47,279.483,8.29,1087.69,6
12,2025,11,800851.62,907.661,7.68,3938.15,21
12,2025,12,976189.68,884.258,9.47,3012.95,20
13,2024,1,274692.61,358.056,3.19,3625.6,20
13,2024,2,417989.13,491.939,6.26,2709.68,16
13,2024,3,749183.99,828.639,5.61,4763.55,20
13,2024,4,649328.99,275.239,8.42,1089.06,10
13,2024,5,725043.95,635.656,8.99,2281.0,9
13,2024,6,897994.49,843.085,5.62,4999.4,21
13,2024,7,1004764.23,722.664,9.88,2360.68,13
13,2024,8,831634.57,349.943,5.92,1905.76,13
13,2024,9,622233.89,161.415,5.13,1049.53,8
13,2024,10,709689.49,638.931,6.25,3299.96,19
13,2024,11,694530.2,487.625,7.33,2217.18,15
13,2024,12,646938.83,388.404,4.5,2784.08,16
13,2025,1,624307.31,378.148,9.63,1266.54,13
13,2025,2,618398.83,254.946,3.57,2553.95,10
13,2025,3,677331.04,586.585,6.02,3144.49,20
13,2025,4,984690.98,1131.102,9.71,3882.57,15
13,2025,5,826460.16,349.026,3.32,3395.53,14
13,2025,6,610553.21,103.743,3.42,1011.51,10
13,2025,7,846760.44,899.598,6.97,4162.18,17
13,2025,8,726500.92,387.834,9.78,1279.06,14
13,2025,9,690407.76,361.971,3.66,3296.63,13
13,2025,10,740284.97,629.237,9.83,2064.63,9
13,2025,11,827108.31,685.102,6.82,3348.63,15
13,2025,12,749879.06,438.891,7.93,1784.47,7
14,2024,1,314394.36,152.32,3.63,1354.24,9
14,2024,2,464384.35,486.525,9.51,1763.22,11
14,2024,3,482500.51,356.685,9.83,1170.48,10
14,2024,4,576233.64,513.543,9.84,1739.58,7
14,2024,5,458733.17,136.072,4.37,1005.39,11
14,2024,6,425375.42,273.92,7.38,1236.9,7
14,2024,7,928986.04,1337.677,9.64,4475.35,19
14,2024,8,796438.52,340.303,6.06,1810.01,15
14,2024,9,628120.9,227.617,4.28,1772.86,10
14,2024,10,728507.62,678.19,6.04,3620.04,18
14,2024,11,714225.26,643.675,4.32,4972.01,20
14,2024,12,512695.88,246.908,6.56,1214.63,7
14,2025,1,383842.47,183.819,5.95,996.18,6
14,2025,2,465666.16,328.805,7.46,1573.44,13
14,2025,3,432790.31,236.825,6.33,1207.08,5
14,2025,4,612063.24,599.858,8.47,2360.08,12
14,2025,5,574711.62,260.877,5.43,1548.73,8
14,2025,6,829963.87,806.754,5.6,4805.21,19
14,2025,7,713973.95,450.746,6.22,2338.41,11
14,2025,8,503082.18,183.304,4.39,1346.9,13
14,2025,9,381323.02,116.936,3.78,1032.52,8
14,2025,10,426510.08,361.115,5.04,2311.6,20
14,2025,11,453116.36,447.176,4.23,3526.96,17
14,2025,12,425903.06,275.896,4.91,1811.12,17
15,2024,1,452381.03,347.266,6.37,1759.17,19
15,2024,2,661093.84,645.653,6.14,3627.41,16
15,2024,3,495495.21,217.28,6.27,1117.44,10
15,2024,4,520461.56,369.272,5.2,2368.53,11
15,2024,5,404332.45,116.461,5.58,672.67,5
15,2024,6,541864.27,577.628,6.49,2968.81,12
15,2024,7,817373.65,817.192,9.23,2856.49,15
15,2024,8,644077.82,378.544,3.57,3422.32,21
15,2024,9,580327.23,385.12,6.98,1839.9,12
15,2024,10,430640.86,183.608,4.58,1294.26,13
15,2024,11,834703.79,1181.784,9.23,4268.23,18
15,2024,12,838549.12,604.84,7.24,2693.36,21
15,2025,1,702308.63,363.572,4.19,2800.01,21
15,2025,2,781148.1,572.367,5.82,3512.22,14
15,2025,3,750820.45,480.614,8.68,1785.33,16
15,2025,4,584695.36,195.538,7.74,841.68,8
15,2025,5,781694.35,801.107,4.85,5325.88,21
15,2025,6,675121.79,285.774,8.43,1129.92,9
15,2025,7,484580.85,188.997,3.03,2012.01,17
15,2025,8,444336.96,228.223,4.46,1652.16,19
15,2025,9,629340.89,671.668,8.23,2720.56,18
15,2025,10,434237.37,125.773,5.87,691.14,6
15,2025,11,665868.16,787.175,9.88,2655.54,13
15,2025,12,720544.46,540.494,4.72,3693.04,15
16,2024,1,256083.11,185.613,4.3,1393.21,12
16,2024,2,602523.98,726.795,9.35,2679.49,12
16,2024,3,549892.48,230.88,3.95,1887.77,15
16,2024,4,498598.25,290.295,8.93,1084.0,9
16,2024,5,488310.73,307.684,8.48,1170.39,6
16,2024,6,548409.75,437.706,8.94,1632.26,7
16,2024,7,683461.41,583.227,7.33,2565.84,19
16,2024,8,1133289.77,1243.131,9.57,4190.47,19
16,2024,9,790600.75,215.531,8.21,874.71,5
16,2024,10,645432.89,278.299,4.67,1923.03,19
16,2024,11,723366.69,501.443,8.51,1964.54,13
16,2024,12,793388.05,714.606,7.75,2976.04,14
16,2025,1,943779.22,631.368,8.05,2529.13,10
16,2025,2,935810.28,539.592,7.47,2580.64,18
16,2025,3,775531.84,349.161,9.13,1233.82,8
16,2025,4,680509.38,264.265,9.86,893.41,6
16,2025,5,590496.77,284.254,7.24,1265.71,9
16,2025,6,489768.33,206.968,4.54,1519.22,18
16,2025,7,455568.02,227.42,5.44,1349.07,15
16,2025,8,517023.93,586.554,9.62,1967.66,13
16,2025,9,693553.96,768.875,9.2,2785.8,13
16,2025,10,730430.22,612.351,4.72,4185.1,19
16,2025,11,722368.9,464.373,7.45,2078.03,10
16,2025,12,841864.5,663.068,6.15,3479.79,21
17,2024,1,644743.63,593.496,7.05,2715.51,19
17,2024,2,1058418.91,1196.746,9.45,4365.37,18
17,2024,3,787300.0,103.086,3.84,865.8,9
17,2024,4,552751.07,87.98,3.93,746.64,8
17,2024,5,546217.37,330.335,9.18,1161.38,6
17,2024,6,681948.03,689.695,6.13,3749.31,18
17,2024,7,575724.82,200.472,4.82,1340.3,6
17,2024,8,496048.94,266.905,5.31,1621.01,7
17,2024,9,591944.31,639.525,5.15,4136.38,19
17,2024,10,525202.12,229.653,5.07,1462.58,6
17,2024,11,554493.36,418.746,7.27,1919.35,10
17,2024,12,696883.23,686.592,7.72,2867.72,14
17,2025,1,571992.82,292.025,3.61,2611.65,17
17,2025,2,559266.12,334.599,4.66,2564.68,12
17,2025,3,467197.9,166.154,6.49,825.3,5
17,2025,4,675657.84,575.906,6.7,2864.95,17
17,2025,5,605586.51,238.935,6.37,1209.77,7
17,2025,6,556297.45,287.911,9.74,985.79,6
17,2025,7,410026.16,108.545,3.0,1165.61,12
17,2025,8,349878.05,169.579,3.23,1696.19,8
17,2025,9,288039.37,146.419,7.39,660.75,6
17,2025,10,555657.79,795.22,8.32,3084.13,20
17,2025,11,986259.64,1218.204,8.95,4538.03,21
17,2025,12,748565.0,252.154,4.75,1711.33,13
18,2024,1,556270.19,202.501,7.47,874.1,5
18,2024,2,661464.49,476.135,6.7,2450.59,21
18,2024,3,1431189.67,1579.248,9.9,5148.24,20
18,2024,4,1084011.73,242.571,5.25,1541.32,12
18,2024,5,830193.16,247.385,5.86,1362.2,7
18,2024,6,608184.57,211.7,3.89,1813.78,13
18,2024,7,734584.07,655.099,8.32,2541.34,21
18,2024,8,583359.14,215.95,4.24,1643.34,12
18,2024,9,535358.35,305.135,7.07,1438.21,16
18,2024,10,390116.4,145.518,7.25,647.83,6
18,2024,11,539573.39,685.374,9.25,2469.45,11
18,2024,12,513754.22,309.068,6.85,1456.22,6
18,2025,1,785522.32,845.101,7.2,3788.41,18
18,2025,2,670062.82,380.78,6.34,2144.78,16
18,2025,3,680403.66,603.045,7.98,2437.77,17
18,2025,4,533360.87,213.736,7.27,979.61,5
18,2025,5,381917.32,154.517,6.33,788.03,8
18,2025,6,369664.52,204.09,4.57,1490.21,17
18,2025,7,449943.09,402.716,9.48,1370.37,6
18,2025,8,403697.49,195.533,9.47,665.72,8
18,2025,9,1020798.58,1355.824,9.34,4838.09,19
18,2025,10,808097.28,443.613,8.95,1599.16,17
18,2025,11,649060.38,290.728,4.08,2378.11,13
18,2025,12,772293.25,703.142,8.94,2536.33,12
19,2024,1,521186.45,733.689,5.58,4239.25,20
19,2024,2,859424.13,955.72,9.6,3433.63,21
19,2024,3,990161.09,863.92,8.96,3109.6,21
19,2024,4,992098.69,675.986,4.81,4689.21,19
19,2024,5,795758.56,321.326,7.72,1342.77,14
19,2024,6,620937.74,287.742,8.28,1158.89,7
19,2024,7,497469.37,239.475,8.9,868.06,5
19,2024,8,553296.61,442.557,3.81,3745.72,19
19,2024,9,463017.52,226.731,7.81,967.36,9
19,2024,10,360630.65,138.918,6.09,736.13,7
19,2024,11,333484.01,169.065,7.3,771.91,9
19,2024,12,269421.01,86.011,3.1,896.04,9
19,2025,1,364651.44,395.224,5.64,2258.54,10
19,2025,2,306246.36,170.766,6.61,923.23,11
19,2025,3,770480.69,1117.247,9.6,3755.43,17
19,2025,4,617868.98,195.494,4.99,1304.95,6
19,2025,5,542991.62,235.978,3.3,2309.23,9
19,2025,6,561507.74,341.844,5.35,2128.28,20
19,2025,7,527931.78,226.979,5.27,1390.07,6
19,2025,8,489894.17,241.088,3.92,1985.73,12
19,2025,9,517497.51,390.974,3.63,3585.36,21
19,2025,10,545188.1,465.904,9.8,1533.91,9
19,2025,11,576789.46,406.176,4.96,2731.65,17
19,2025,12,861062.27,1016.885,9.84,3335.07,19
20,2024,1,249152.3,307.052,7.76,1276.36,11
20,2024,2,326721.51,223.02,5.49,1401.68,11
20,2024,3,501658.13,483.866,8.97,1740.41,12
20,2024,4,529364.13,470.354,5.4,2904.2,12
20,2024,5,580866.35,439.05,8.23,1720.94,14
20,2024,6,568400.11,378.336,7.25,1740.5,7
20,2024,7,515033.94,290.514,4.14,2263.63,16
20,2024,8,581327.06,531.772,7.29,2352.51,21
20,2024,9,438321.96,147.32,3.76,1306.81,15
20,2024,10,336716.79,118.772,4.96,773.15,9
20,2024,11,345532.57,268.839,5.3,1692.26,12
20,2024,12,431686.69,329.255,8.3,1280.19,11
20,2025,1,365297.15,141.693,5.2,878.64,5
20,2025,2,659629.29,782.604,9.27,3015.6,13
20,2025,3,807199.98,678.83,9.5,2303.89,17
20,2025,4,798673.52,431.235,3.65,3935.09,18
20,2025,5,991833.01,801.323,7.22,3581.76,16
20,2025,6,865487.69,413.064,5.9,2333.99,18
20,2025,7,758915.55,334.984,5.98,1808.31,12
20,2025,8,687704.88,401.999,5.98,2167.86,9
20,2025,9,556924.23,123.524,6.52,631.64,5
20,2025,10,573652.35,398.692,5.89,2182.11,12
20,2025,11,916965.54,1037.908,9.77,3540.0,16
20,2025,12,888140.6,476.682,4.19,3670.02,21
21,2024,1,264551.1,151.856,6.95,705.13,7
21,2024,2,633023.37,947.931,8.71,3752.28,20
21,2024,3,565439.85,236.706,3.83,1993.26,10
21,2024,4,478035.74,161.245,5.26,1021.28,9
21,2024,5,428584.48,162.503,3.73,1405.72,13
21,2024,6,640348.27,544.182,6.38,2844.67,12
21,2024,7,1132121.59,1477.107,9.63,4946.68,20
21,2024,8,826348.42,177.56,5.91,968.65,6
21,2024,9,703201.97,409.335,3.47,3932.03,19
21,2024,10,560615.16,298.561,7.59,1269.21,9
21,2024,11,677121.73,564.171,3.96,4754.56,20
21,2024,12,625545.17,472.851,5.08,3003.75,17
21,2025,1,546608.51,284.039,4.38,2092.52,14
21,2025,2,463600.0,204.608,5.42,1348.81,9
21,2025,3,448666.57,281.106,9.76,928.77,5
21,2025,4,450942.21,250.861,3.41,2451.47,11
21,2025,5,440342.76,257.393,3.65,2275.11,14
21,2025,6,763301.89,888.833,6.55,4520.74,21
21,2025,7,888413.22,732.635,8.28,2853.59,15
21,2025,8,761370.41,277.451,6.89,1298.36,15
21,2025,9,694700.72,342.647,4.32,2645.88,17
21,2025,10,562143.5,211.721,3.66,1868.56,16
21,2025,11,451259.43,234.042,9.8,795.7,6
21,2025,12,329371.94,171.014,5.09,1082.99,8
22,2024,1,855627.29,1263.23,9.64,4226.18,20
22,2024,2,640966.83,147.001,6.05,837.44,5
22,2024,3,877684.52,756.403,9.29,2627.38,14
22,2024,4,715030.61,229.145,4.26,1790.92,12
22,2024,5,720414.2,392.921,6.47,1957.8,9
22,2024,6,526023.45,112.567,5.82,644.39,7
22,2024,7,386492.83,175.938,4.39,1293.74,11
22,2024,8,629082.62,676.997,5.64,3874.06,21
22,2024,9,878949.76,945.167,9.08,3470.67,17
22,2024,10,663017.96,144.169,4.19,1109.34,12
22,2024,11,658169.2,458.99,3.46,4415.76,21
22,2024,12,443247.14,84.812,3.17,864.06,9
22,2025,1,655636.01,563.481,5.98,3037.72,17
22,2025,2,634033.45,378.157,9.92,1360.95,8
22,2025,3,1004183.96,994.537,9.2,3485.51,21
22,2025,4,707926.19,113.32,5.93,636.99,5
22,2025,5,504881.45,199.044,5.14,1249.58,9
22,2025,6,529095.0,350.68,9.1,1283.87,12
22,2025,7,535133.47,403.42,4.66,2790.96,12
22,2025,8,577087.45,365.927,8.34,1416.08,16
22,2025,9,427721.36,199.205,7.14,929.35,10
22,2025,10,442716.9,309.566,7.17,1393.46,17
22,2025,11,419836.71,232.506,6.89,1125.37,11
22,2025,12,487706.88,494.361,9.25,1724.43,8
23,2024,1,646891.2,699.447,9.52,2369.14,17
23,2024,2,622918.05,304.042,6.76,1550.44,10
23,2024,3,507041.36,207.139,3.47,1924.72,11
23,2024,4,452754.21,260.929,8.36,1040.73,9
23,2024,5,553067.89,449.071,7.84,1847.04,20
23,2024,6,870459.71,937.953,8.03,3894.29,17
23,2024,7,1203483.23,1112.405,7.11,5045.1,20
23,2024,8,1231260.65,1070.114,9.98,3457.63,16
23,2024,9,1036471.18,560.015,7.0,2666.36,16
23,2024,10,984854.59,569.568,7.1,2589.11,14
23,2024,11,812597.29,393.282,7.37,1777.95,8
23,2024,12,582774.23,224.335,4.91,1473.22,15
23,2025,1,487890.29,298.576,7.15,1347.83,14
23,2025,2,711725.13,733.769,7.15,3663.03,16
23,2025,3,1066198.08,1000.885,8.06,4004.17,17
23,2025,4,812487.89,128.292,4.0,1068.82,12
23,2025,5,801033.11,492.136,4.64,3418.55,20
23,2025,6,972396.07,812.18,5.68,4763.46,21
23,2025,7,1065540.19,799.129,9.71,2653.82,14
23,2025,8,881560.66,420.632,9.19,1477.17,6
23,2025,9,845869.22,664.438,6.49,3412.52,15
23,2025,10,788798.42,548.23,8.8,2008.71,8
23,2025,11,919392.88,752.755,6.73,3730.07,15
23,2025,12,732538.18,369.98,3.84,3111.16,20
24,2024,1,498279.88,281.784,6.84,1328.86,11
24,2024,2,428250.69,205.352,5.58,1269.78,7
24,2024,3,796590.71,847.173,9.32,2933.02,12
24,2024,4,689990.81,300.785,7.47,1341.38,7
24,2024,5,578164.88,243.421,8.47,927.04,5
24,2024,6,790737.24,708.771,6.55,3606.8,21
24,2024,7,839009.98,579.859,5.63,3324.2,19
24,2024,8,699570.09,194.083,5.06,1237.86,9
24,2024,9,584522.52,225.744,5.0,1506.0,6
24,2024,10,566542.21,369.528,6.25,1908.45,15
24,2024,11,681134.41,638.349,6.62,3216.18,15
24,2024,12,547057.43,160.429,3.7,1398.81,16
24,2025,1,659320.79,507.846,8.26,1984.02,11
24,2025,2,549613.91,211.278,7.88,957.92,5
24,2025,3,403581.87,114.181,4.36,844.32,9
24,2025,4,461986.24,332.562,4.16,2663.51,19
24,2025,5,820672.21,1073.211,7.57,4574.51,19
24,2025,6,803669.3,477.898,3.62,4399.15,18
24,2025,7,787363.96,512.806,7.67,2156.23,14
24,2025,8,584554.25,223.63,4.01,1799.38,21
24,2025,9,705367.43,712.022,9.21,2577.96,18
24,2025,10,736200.24,532.331,4.9,3505.94,16
24,2025,11,888919.08,701.332,9.32,2509.67,11
24,2025,12,931670.11,679.242,9.52,2300.91,19
25,2024,1,414509.2,191.794,4.69,1319.4,10
25,2024,2,532003.48,515.374,7.41,2397.97,10
25,2024,3,518471.61,287.608,8.76,1059.03,9
25,2024,4,702782.38,548.209,7.02,2601.57,12
25,2024,5,1062538.85,1069.199,8.59,4014.58,19
25,2024,6,1168940.1,876.27,5.94,4916.4,19
25,2024,7,927060.98,264.511,5.76,1481.1,6
25,2024,8,803125.77,398.735,8.88,1447.67,12
25,2024,9,872974.73,611.467,8.64,2358.86,14
25,2024,10,712123.28,320.992,6.27,1651.21,9
25,2024,11,640111.6,315.029,7.07,1484.45,9
25,2024,12,706385.61,636.839,8.22,2499.31,11
25,2025,1,656633.3,330.655,7.08,1506.8,14
25,2025,2,686162.32,503.769,7.7,2336.65,19
25,2025,3,662972.6,294.483,9.13,1040.45,7
25,2025,4,610029.73,310.931,5.75,1801.52,21
25,2025,5,815282.0,645.449,8.69,2397.05,16
25,2025,6,769237.96,465.904,4.61,3369.06,14
25,2025,7,688689.93,329.843,4.75,2241.11,18
25,2025,8,746583.09,512.709,6.52,2535.78,21
25,2025,9,719761.75,536.4,8.65,2066.54,12
25,2025,10,674317.29,391.599,8.19,1543.2,14
25,2025,11,526152.04,152.613,3.02,1685.06,7
25,2025,12,452867.6,234.361,4.9,1541.51,11
26,2024,1,416820.43,187.012,3.65,1651.98,9
26,2024,2,581853.04,592.772,5.52,3700.32,17
26,2024,3,489389.11,305.485,3.23,3050.36,18
26,2024,4,432314.19,197.439,3.57,1845.83,8
26,2024,5,847219.71,984.526,7.72,4114.34,20
26,2024,6,840584.61,518.144,3.7,4663.36,19
26,2024,7,804435.18,575.45,7.73,2402.22,15
26,2024,8,880127.67,610.682,8.6,2291.54,21
26,2024,9,702631.28,260.318,7.54,1150.8,8
26,2024,10,551792.9,209.975,3.82,1773.78,17
26,2024,11,464298.78,223.99,7.84,951.95,8
26,2024,12,511020.33,438.571,5.7,2482.92,10
26,2025,1,790702.97,856.436,8.93,3095.05,12
26,2025,2,885745.83,530.149,7.76,2441.07,17
26,2025,3,582357.69,101.186,7.17,455.17,5
26,2025,4,595544.34,440.605,8.12,1809.34,13
26,2025,5,519477.87,288.759,7.85,1185.92,5
26,2025,6,383230.32,134.818,4.98,902.81,5
26,2025,7,319670.46,190.096,7.75,790.83,6
26,2025,8,843367.34,1300.019,8.17,5130.73,20
26,2025,9,833493.97,551.678,4.55,4038.33,19
26,2025,10,1036087.23,993.958,7.79,4117.57,18
26,2025,11,785139.99,190.196,3.32,1909.8,13
26,2025,12,620097.21,209.119,4.72,1429.95,9
27,2024,1,444787.98,533.536,5.64,3054.12,14
27,2024,2,390228.02,206.934,5.25,1360.25,6
27,2024,3,535800.7,483.082,8.23,1892.43,12
27,2024,4,563762.54,437.695,5.22,2792.82,16
27,2024,5,760475.39,625.249,6.9,2923.71,19
27,2024,6,578932.12,249.972,6.2,1343.04,7
27,2024,7,610772.51,442.831,5.81,2459.03,19
27,2024,8,466342.43,98.925,3.65,873.09,8
27,2024,9,352078.69,136.845,3.17,1439.14,12
27,2024,10,374883.54,179.674,4.03,1439.68,14
27,2024,11,498870.09,419.532,3.62,3864.09,15
27,2024,12,597367.07,530.798,5.94,2882.29,15
27,2025,1,663920.81,454.778,5.65,2594.72,10
27,2025,2,498557.97,167.558,9.46,632.58,7
27,2025,3,763915.53,799.77,7.71,3344.19,19
27,2025,4,592080.0,233.748,8.98,867.59,7
27,2025,5,472661.99,187.346,4.13,1464.24,18
27,2025,6,894154.15,913.394,7.79,3909.41,21
27,2025,7,720614.69,258.13,4.45,1869.73,10
27,2025,8,741719.0,625.306,6.3,3200.48,16
27,2025,9,689253.43,487.475,9.91,1640.27,20
27,2025,10,542880.36,153.491,4.99,993.2,9
27,2025,11,794727.27,967.483,9.13,3533.39,14
27,2025,12,779173.09,558.921,9.39,1919.35,18
28,2024,1,415876.22,472.032,9.4,1620.2,13
28,2024,2,300669.51,101.676,7.15,490.69,5
28,2024,3,328492.56,285.009,7.02,1310.24,10
28,2024,4,359721.41,230.5,3.9,1971.46,10
28,2024,5,552807.78,537.312,7.97,2174.73,11
28,2024,6,646866.38,508.815,4.95,3428.08,18
28,2024,7,481830.16,104.842,3.42,987.46,8
28,2024,8,500632.41,301.463,8.54,1139.24,6
28,2024,9,656118.14,686.583,6.31,3626.84,20
28,2024,10,623018.9,410.013,3.69,3587.69,14
28,2024,11,531430.23,276.965,3.59,2570.66,12
28,2024,12,391415.74,99.163,3.56,899.42,9
28,2025,1,534889.58,531.004,7.89,2171.73,10
28,2025,2,606431.92,511.088,3.64,5013.33,20
28,2025,3,588351.51,358.589,7.0,1653.64,10
28,2025,4,724768.63,588.901,9.02,2176.82,17
28,2025,5,591155.64,162.789,4.78,1099.23,12
28,2025,6,798154.33,819.119,7.32,3727.76,18
28,2025,7,869445.29,609.711,9.47,2076.89,14
28,2025,8,1051860.55,982.138,9.83,3223.69,15
28,2025,9,919288.65,551.3,9.21,1996.18,16
28,2025,10,1115592.1,1000.15,7.3,4418.22,20
28,2025,11,811047.15,139.407,4.89,950.42,8
28,2025,12,635356.97,247.018,9.18,868.04,7
29,2024,1,568156.09,644.615,6.14,3387.09,16
29,2024,2,617212.95,424.427,8.06,1814.7,8
29,2024,3,779957.27,684.24,7.26,3039.56,16
29,2024,4,649877.82,229.606,7.62,1005.03,10
29,2024,5,610032.35,313.427,6.18,1637.25,14
29,2024,6,766199.92,670.544,9.41,2374.68,10
29,2024,7,533465.82,68.882,3.58,619.82,7
29,2024,8,584840.14,408.78,4.37,3018.92,12
29,2024,9,554526.11,289.715,5.32,1815.15,9
29,2024,10,606591.71,591.451,5.11,3731.8,15
29,2024,11,621379.02,538.877,7.43,2418.51,15
29,2024,12,560712.64,313.446,4.91,2059.36,16
29,2025,1,530384.16,391.081,4.33,2911.54,18
29,2025,2,471728.88,226.028,7.82,1031.98,10
29,2025,3,359149.18,79.972,3.3,781.58,8
29,2025,4,521212.86,472.454,3.4,4635.01,20
29,2025,5,445483.17,171.793,9.97,555.72,5
29,2025,6,596274.8,476.782,8.15,1951.09,10
29,2025,7,503908.08,178.635,7.19,801.48,10
29,2025,8,381334.24,149.817,5.32,908.04,8
29,2025,9,650509.87,726.217,9.88,2451.21,18
29,2025,10,919462.2,932.305,7.21,4173.73,20
29,2025,11,648611.8,122.047,7.23,562.77,6
29,2025,12,677846.41,510.119,9.89,1663.5,8
30,2024,1,548643.43,278.886,6.55,1373.35,17
30,2024,2,496137.17,226.603,4.22,1853.2,11
30,2024,3,615460.34,584.574,4.0,4710.67,20
30,2024,4,586007.77,297.407,6.87,1442.18,17
30,2024,5,571595.55,346.875,3.66,3058.33,17
30,2024,6,791854.97,677.594,9.46,2387.79,11
30,2024,7,589186.48,188.984,3.03,2015.09,13
30,2024,8,571140.7,329.034,5.46,1943.27,20
30,2024,9,624744.48,551.814,8.24,2233.53,21
30,2024,10,573361.62,322.494,5.31,1957.59,15
30,2024,11,414619.28,122.29,3.97,1026.0,5
30,2024,12,479426.15,457.04,7.54,1956.2,17
30,2025,1,395836.43,178.869,3.7,1559.65,9
30,2025,2,352039.87,211.21,4.99,1510.44,6
30,2025,3,650038.19,848.52,9.43,2901.34,16
30,2025,4,782283.03,585.614,5.42,3602.39,20
30,2025,5,810275.89,542.829,6.87,2548.45,10
30,2025,6,651263.5,291.792,8.63,1127.31,13
30,2025,7,453318.1,87.025,3.56,789.62,9
30,2025,8,454850.68,386.647,5.37,2322.25,14
30,2025,9,608816.91,630.253,3.98,5276.83,21
30,2025,10,799557.15,821.079,7.97,3323.48,17
30,2025,11,608405.24,222.475,5.27,1408.04,8
30,2025,12,458587.86,170.944,4.93,1118.65,13
31,2024,1,369006.86,87.684,3.63,778.95,5
31,2024,2,615371.12,643.335,7.05,3145.24,15
31,2024,3,527536.77,217.046,6.48,1080.66,5
31,2024,4,794686.75,823.241,5.23,5242.69,21
31,2024,5,725982.83,377.471,7.2,1691.81,20
31,2024,6,662322.46,305.341,6.82,1491.86,6
31,2024,7,585633.88,318.293,3.71,2765.66,13
31,2024,8,408699.1,92.369,6.04,493.46,6
31,2024,9,569310.1,570.661,5.85,3254.12,14
31,2024,10,622334.78,536.838,9.61,1802.2,15
31,2024,11,477772.2,143.478,5.46,876.02,6
31,2024,12,416934.81,245.888,6.65,1193.59,9
31,2025,1,370967.43,219.323,6.52,1084.95,11
31,2025,2,394560.67,307.067,8.42,1302.93,7
31,2025,3,341512.69,185.851,5.3,1130.61,13
31,2025,4,331136.16,207.242,6.36,1085.45,6
31,2025,5,584578.26,594.83,7.1,2704.05,19
31,2025,6,573474.08,328.77,7.86,1394.57,10
31,2025,7,537311.42,267.081,3.25,2647.56,11
31,2025,8,529712.99,380.463,5.97,2055.66,12
31,2025,9,620913.43,491.656,5.01,3272.99,13
31,2025,10,542656.93,296.257,4.42,2162.76,12
31,2025,11,585524.62,465.715,4.88,3181.38,20
31,2025,12,694109.93,531.659,3.2,5362.13,21
32,2024,1,540043.36,812.346,7.54,3477.39,17
32,2024,2,504541.83,283.444,9.35,1045.3,6
32,2024,3,470979.69,304.944,6.54,1503.69,12
32,2024,4,451790.55,267.11,6.58,1353.51,13
32,2024,5,711134.84,757.99,8.51,2874.09,15
32,2024,6,641816.43,304.248,5.4,1879.51,8
32,2024,7,540813.94,195.723,3.6,1751.59,10
32,2024,8,459504.07,343.084,6.94,1595.23,7
32,2024,9,411847.96,233.811,6.93,1124.05,12
32,2024,10,318118.3,162.669,7.17,731.48,9
32,2024,11,307765.63,199.876,9.15,727.93,5
32,2024,12,260239.7,177.48,5.3,1080.89,5
32,2025,1,248388.76,145.209,3.25,1443.22,18
32,2025,2,602161.16,908.458,9.32,3482.66,14
32,2025,3,490835.15,188.828,3.05,1999.08,9
32,2025,4,608151.22,588.418,7.34,2672.92,12
32,2025,5,720005.16,544.054,6.13,2863.05,18
32,2025,6,860113.32,681.417,6.03,3769.1,21
32,2025,7,654162.24,240.153,6.1,1271.01,7
32,2025,8,893487.65,888.173,7.9,3626.74,20
32,2025,9,694204.41,228.833,6.49,1175.56,10
32,2025,10,832608.34,896.824,7.27,3979.25,17
32,2025,11,704223.66,298.465,5.74,1731.95,8
32,2025,12,635776.77,289.268,3.0,3105.76,17
33,2024,1,793824.0,924.51,7.77,3838.41,17
33,2024,2,983761.47,774.953,9.92,2695.01,13
33,2024,3,922804.28,494.583,4.21,3793.95,20
33,2024,4,1009612.44,804.415,9.08,2953.82,17
33,2024,5,814425.11,331.125,3.76,2840.73,18
33,2024,6,593453.03,217.85,3.34,2173.46,13
33,2024,7,498398.23,274.778,8.57,1034.61,5
33,2024,8,409952.86,119.889,5.13,754.6,7
33,2024,9,409104.08,268.847,5.31,1687.62,14
33,2024,10,624648.29,611.742,3.8,5191.53,20
33,2024,11,615370.24,423.731,6.63,2128.9,15
33,2024,12,757839.51,698.226,9.48,2375.66,14
33,2025,1,825636.31,641.966,9.33,2219.2,13
33,2025,2,1083128.54,971.722,9.03,3845.3,17
33,2025,3,794372.86,214.506,3.98,1737.21,8
33,2025,4,660770.33,236.388,5.71,1380.18,10
33,2025,5,672056.81,410.922,8.36,1585.56,17
33,2025,6,1035141.19,1007.6,9.41,3570.78,17
33,2025,7,764315.66,206.838,5.05,1321.71,6
33,2025,8,668586.34,327.233,3.61,2926.02,13
33,2025,9,911535.58,969.212,9.66,3344.78,14
33,2025,10,751481.67,396.4,6.51,1964.69,19
33,2025,11,648963.72,269.905,4.73,1903.96,18
33,2025,12,503435.53,162.502,5.29,990.44,5
34,2024,1,397941.98,260.569,4.12,2041.07,14
34,2024,2,475486.87,440.155,4.94,3070.82,16
34,2024,3,635539.14,567.336,9.2,1990.09,11
34,2024,4,524856.03,205.196,3.74,1826.53,16
34,2024,5,515763.03,356.317,3.43,3348.43,18
34,2024,6,625613.53,545.552,6.74,2697.82,12
34,2024,7,414450.12,69.902,3.36,670.58,6
34,2024,8,506064.37,396.068,4.73,2701.44,18
34,2024,9,524261.17,377.948,4.42,2848.96,21
34,2024,10,410304.48,159.33,5.92,868.28,8
34,2024,11,509443.43,539.412,9.23,1948.02,8
34,2024,12,408054.7,172.784,4.48,1244.53,8
34,2025,1,342523.81,195.941,7.28,868.73,6
34,2025,2,682313.46,797.265,9.15,3112.5,14
34,2025,3,545370.45,226.792,8.17,896.0,10
34,2025,4,513177.12,194.269,4.29,1509.01,9
34,2025,5,473924.89,368.752,5.67,2097.97,11
34,2025,6,565251.87,413.728,6.8,2028.73,21
34,2025,7,411116.82,78.383,3.17,796.76,9
34,2025,8,392268.68,269.637,7.02,1239.31,10
34,2025,9,325801.22,193.292,7.69,837.78,6
34,2025,10,445587.66,425.803,8.31,1653.17,7
34,2025,11,909958.45,1118.59,8.11,4596.52,20
34,2025,12,927649.93,728.142,7.47,3145.21,19
35,2024,1,852936.94,1148.389,9.73,3806.02,17
35,2024,2,1170203.57,1078.451,9.55,3892.42,18
35,2024,3,1077916.71,536.586,9.82,1761.8,16
35,2024,4,1014983.67,570.871,6.09,3125.4,14
35,2024,5,717312.27,96.765,3.63,859.68,5
35,2024,6,825884.95,700.222,5.17,4517.27,19
35,2024,7,858196.06,701.345,8.26,2739.26,17
35,2024,8,714285.3,253.389,4.95,1652.27,13
35,2024,9,527658.03,105.513,3.62,971.92,7
35,2024,10,797293.43,952.973,6.59,4666.31,21
35,2024,11,823155.36,654.534,9.73,2242.59,9
35,2024,12,907302.59,666.617,6.44,3339.55,15
35,2025,1,860467.89,507.756,3.59,4556.34,18
35,2025,2,761897.41,383.469,6.67,2052.14,17
35,2025,3,744206.32,453.951,7.89,1856.67,13
35,2025,4,521709.57,72.041,4.07,589.35,7
35,2025,5,638757.03,564.266,5.91,3081.47,14
35,2025,6,571950.38,291.767,5.19,1875.09,16
35,2025,7,529633.14,229.503,7.41,999.49,5
35,2025,8,430288.58,156.679,3.96,1275.37,7
35,2025,9,508493.05,459.348,5.99,2554.19,17
35,2025,10,679587.29,721.231,8.38,2776.44,12
35,2025,11,677957.27,601.439,6.81,2941.79,14
35,2025,12,652776.54,283.791,7.37,1242.05,5
36,2024,1,428600.22,348.927,6.08,1851.58,14
36,2024,2,494330.92,386.716,4.98,2677.26,12
36,2024,3,706803.01,741.678,9.71,2463.02,13
36,2024,4,725419.14,462.366,4.65,3311.69,16
36,2024,5,689390.86,337.569,5.74,1898.18,13
36,2024,6,649061.63,367.94,6.06,2022.95,9
36,2024,7,449778.11,101.956,7.73,425.4,5
36,2024,8,413733.5,357.497,6.95,1660.11,12
36,2024,9,451065.64,311.677,4.43,2347.41,16
36,2024,10,576019.89,568.932,5.89,3117.93,12
36,2024,11,534484.39,261.709,8.02,1087.42,7
36,2024,12,415923.95,248.819,9.82,817.26,5
36,2025,1,356092.85,219.944,4.78,1483.24,6
36,2025,2,538212.37,612.645,6.66,3284.24,19
36,2025,3,518948.81,315.192,3.93,2584.2,17
36,2025,4,673310.64,537.582,7.93,2258.52,10
36,2025,5,614811.58,303.101,6.83,1431.73,6
36,2025,6,822743.39,809.102,9.06,2977.48,18
36,2025,7,701053.25,292.965,6.81,1386.93,8
36,2025,8,613197.0,335.107,9.07,1192.11,10
36,2025,9,511987.29,219.89,6.76,1084.86,6
36,2025,10,531336.91,406.288,6.72,1950.31,8
36,2025,11,527519.21,394.122,4.84,2711.62,16
36,2025,12,400544.57,96.009,3.65,847.93,5
37,2024,1,300843.53,318.472,9.17,1120.07,10
37,2024,2,445494.45,523.811,5.07,3564.51,15
37,2024,3,456692.15,337.944,3.48,3130.28,15
37,2024,4,636400.48,590.417,3.74,5259.34,21
37,2024,5,600363.76,406.339,4.92,2665.83,13
37,2024,6,476664.22,146.311,4.11,1187.44,7
37,2024,7,476324.1,328.236,6.65,1591.45,15
37,2024,8,401890.65,256.418,3.38,2444.73,21
37,2024,9,409142.44,367.08,6.09,2010.14,21
37,2024,10,340111.51,255.354,3.5,2351.59,16
37,2024,11,457351.53,460.131,9.86,1555.97,6
37,2024,12,440963.47,419.743,4.66,2903.11,21
37,2025,1,445960.64,354.344,4.26,2681.65,19
37,2025,2,459547.16,367.453,4.69,2800.03,12
37,2025,3,351972.43,82.557,4.13,644.66,6
37,2025,4,406235.02,411.714,9.51,1443.34,13
37,2025,5,336108.26,215.347,6.17,1125.99,9
37,2025,6,351154.4,219.254,4.35,1678.68,14
37,2025,7,805109.61,998.279,7.56,4257.49,17
37,2025,8,958121.95,891.441,6.58,4372.8,18
37,2025,9,719257.65,141.184,5.75,818.59,8
37,2025,10,733794.5,562.815,8.75,2074.68,14
37,2025,11,811043.94,752.787,6.36,3942.99,16
37,2025,12,590452.13,154.285,5.57,894.0,7
38,2024,1,535606.62,350.71,8.8,1285.98,8
38,2024,2,670610.01,589.012,5.77,3522.62,14
38,2024,3,647294.76,408.311,7.1,1854.35,17
38,2024,4,738416.25,493.274,7.87,2090.19,16
38,2024,5,821908.86,650.979,5.94,3536.66,18
38,2024,6,726438.55,381.387,7.54,1685.06,11
38,2024,7,698420.07,446.845,4.92,2930.1,20
38,2024,8,754426.83,623.847,9.46,2126.71,12
38,2024,9,519770.45,87.231,3.71,784.45,7
38,2024,10,388768.51,95.789,4.53,681.37,6
38,2024,11,448847.92,399.216,9.34,1425.31,7
38,2024,12,539591.95,432.083,5.14,2711.25,15
38,2025,1,1070271.86,1292.3,9.41,4431.36,21
38,2025,2,1200267.07,915.135,8.4,3892.89,17
38,2025,3,1035134.27,522.497,9.06,1861.11,10
38,2025,4,1042056.28,582.41,8.59,2260.69,9
38,2025,5,807217.04,265.095,6.63,1289.54,12
38,2025,6,1210458.26,1245.6,8.12,5114.58,21
38,2025,7,812224.08,117.071,3.14,1201.72,7
38,2025,8,864716.25,717.226,8.57,2699.7,13
38,2025,9,804233.32,508.375,6.32,2680.91,18
38,2025,10,634773.32,191.419,6.05,1021.37,5
38,2025,11,557897.6,219.118,3.04,2399.24,13
38,2025,12,519662.35,289.132,4.45,2095.16,13
39,2024,1,506993.59,286.628,4.74,1949.76,10
39,2024,2,523674.66,350.163,6.22,1942.24,11
39,2024,3,568447.02,351.711,8.52,1331.11,10
39,2024,4,1166164.17,1229.105,7.58,5406.53,21
39,2024,5,1235045.17,734.172,6.39,3706.13,18
39,2024,6,812618.25,81.647,3.94,691.21,7
39,2024,7,769526.34,402.811,6.87,1892.36,9
39,2024,8,549262.71,123.312,3.82,1040.67,6
39,2024,9,654050.63,606.311,8.64,2338.18,20
39,2024,10,584941.91,329.164,8.26,1285.88,6
39,2024,11,589845.7,386.123,7.89,1630.26,14
39,2024,12,487540.89,260.498,6.97,1205.13,12
39,2025,1,611382.72,617.53,7.79,2556.61,10
39,2025,2,421376.06,95.858,4.07,841.22,6
39,2025,3,460755.29,406.202,6.9,1899.96,17
39,2025,4,465325.59,314.106,8.13,1288.44,15
39,2025,5,642746.24,587.669,9.08,2088.45,14
39,2025,6,641586.71,408.156,8.8,1546.6,7
39,2025,7,664551.41,461.132,8.98,1656.22,13
39,2025,8,708310.27,635.414,5.38,3808.61,17
39,2025,9,552036.01,292.259,3.49,2787.75,12
39,2025,10,646998.56,541.952,4.95,3529.59,14
39,2025,11,745693.49,637.646,7.8,2724.61,12
39,2025,12,757443.46,541.096,8.55,2041.11,9
40,2024,1,415472.88,95.014,5.83,525.43,6
40,2024,2,405507.98,145.836,3.05,1648.01,8
40,2024,3,588777.43,551.431,4.09,4345.01,18
40,2024,4,595431.53,393.371,7.23,1812.79,7
40,2024,5,564884.08,400.182,8.67,1489.45,8
40,2024,6,446714.6,225.45,6.73,1116.43,6
40,2024,7,470875.57,394.758,5.45,2335.64,9
40,2024,8,595319.22,512.126,5.41,3053.75,17
40,2024,9,473803.47,161.366,4.81,1118.24,5
40,2024,10,734069.77,736.661,9.54,2490.05,13
40,2024,11,849817.38,798.464,6.86,3882.17,17
40,2024,12,722040.0,271.879,6.86,1279.07,11
40,2025,1,627717.32,310.993,3.71,2702.32,11
40,2025,2,790786.4,781.2,8.88,3141.27,19
40,2025,3,984346.8,972.211,8.68,3612.6,21
40,2025,4,824947.72,305.976,9.65,1057.19,5
40,2025,5,787044.07,518.406,4.28,3906.9,17
40,2025,6,676747.82,322.244,9.25,1161.57,13
40,2025,7,701059.29,552.997,8.19,2177.61,13
40,2025,8,758966.59,606.845,9.85,1987.04,10
40,2025,9,620448.4,247.11,4.03,2045.77,11
40,2025,10,494580.25,269.033,6.58,1318.06,13
40,2025,11,459673.43,220.34,4.37,1681.98,8
40,2025,12,426397.19,197.834,5.24,1217.72,7
41,2024,1,479371.94,221.274,4.08,1749.6,13
41,2024,2,608283.36,560.792,8.32,2323.66,20
41,2024,3,469680.47,105.072,4.26,795.19,5
41,2024,4,677429.52,623.615,8.59,2421.04,11
41,2024,5,782419.2,547.696,7.17,2464.51,15
41,2024,6,657091.83,265.739,4.14,2137.54,9
41,2024,7,589042.73,270.916,4.8,1821.0,17
41,2024,8,464484.69,131.137,3.02,1402.76,17
41,2024,9,501743.57,394.144,4.6,2856.7,15
41,2024,10,365267.39,111.768,3.97,908.91,8
41,2024,11,918863.79,1346.581,8.82,5089.39,21
41,2024,12,844522.07,496.902,8.8,1821.25,10
41,2025,1,624116.91,140.895,5.2,873.57,10
41,2025,2,485193.36,173.318,6.21,997.34,10
41,2025,3,456816.82,207.602,8.9,752.82,9
41,2025,4,602266.01,559.306,6.7,2784.34,14
41,2025,5,593015.5,383.248,8.77,1409.43,16
41,2025,6,678588.13,570.827,9.79,1944.47,14
41,2025,7,900218.9,917.95,9.94,2978.02,15
41,2025,8,640391.67,212.818,7.54,911.06,7
41,2025,9,439963.17,148.234,4.66,1059.23,6
41,2025,10,565713.11,601.16,7.45,2602.48,16
41,2025,11,544748.81,362.895,8.43,1434.8,11
41,2025,12,694778.59,692.103,6.67,3344.98,19
42,2024,1,195212.03,142.148,6.35,721.84,5
42,2024,2,197976.52,178.775,3.13,1968.31,9
42,2024,3,350442.49,333.998,5.78,1863.29,18
42,2024,4,471011.52,408.48,5.25,2593.62,12
42,2024,5,446103.69,228.203,3.8,1937.29,19
42,2024,6,644502.96,635.938,8.34,2541.01,19
42,2024,7,913107.38,851.845,8.95,3068.92,14
42,2024,8,896431.84,607.996,7.77,2524.25,12
42,2024,9,823784.88,498.614,7.58,2193.31,16
42,2024,10,758069.0,411.417,7.66,1731.78,18
42,2024,11,486112.21,51.244,3.21,532.56,6
42,2024,12,452501.38,241.784,4.92,1583.93,11
42,2025,1,349325.61,99.366,3.49,917.54,7
42,2025,2,486292.03,456.149,4.75,3427.79,17
42,2025,3,471682.26,269.616,7.93,1097.29,13
42,2025,4,611930.62,573.633,8.69,2199.17,17
42,2025,5,633473.05,388.062,6.88,1820.47,21
42,2025,6,655433.57,501.877,4.14,4041.61,17
42,2025,7,658718.59,476.885,3.55,4329.1,19
42,2025,8,682725.49,427.578,8.53,1616.18,8
42,2025,9,821451.58,685.731,6.54,3494.9,16
42,2025,10,773633.96,551.102,4.65,3824.63,16
42,2025,11,568182.42,174.34,9.85,590.21,5
42,2025,12,461597.05,200.256,5.78,1117.31,8
43,2024,1,597866.39,368.963,5.25,2265.85,11
43,2024,2,677770.85,451.437,9.81,1586.38,16
43,2024,3,521332.27,160.571,5.26,984.38,6
43,2024,4,661942.97,526.0,6.13,2862.04,16
43,2024,5,855936.17,898.979,9.3,3119.14,16
43,2024,6,754365.11,335.372,4.86,2302.52,20
43,2024,7,734984.64,451.664,7.54,1932.44,15
43,2024,8,565179.88,267.769,4.23,2041.55,10
43,2024,9,391845.11,113.591,3.27,1156.95,7
43,2024,10,286932.13,171.315,4.51,1226.56,5
43,2024,11,270908.04,209.231,3.88,1795.81,8
43,2024,12,777925.03,1278.64,9.17,4495.73,19
43,2025,1,915920.46,712.748,9.42,2442.04,12
43,2025,2,689051.4,211.626,5.86,1289.86,7
43,2025,3,552126.52,180.843,4.1,1421.93,11
43,2025,4,573091.01,567.415,7.62,2481.86,19
43,2025,5,567170.1,292.284,9.12,1033.55,11
43,2025,6,564786.34,371.533,8.16,1517.69,7
43,2025,7,470136.44,225.269,9.0,807.77,5
43,2025,8,451167.09,279.899,8.09,1116.19,9
43,2025,9,461644.19,318.569,6.35,1672.42,11
43,2025,10,647538.84,775.747,6.11,4095.22,16
43,2025,11,585239.44,326.559,6.0,1815.65,19
43,2025,12,691380.89,548.664,9.31,1901.41,10
44,2024,1,352600.05,257.3,4.04,2054.28,12
44,2024,2,397013.33,406.127,7.29,1921.8,15
44,2024,3,506079.34,483.061,7.24,2153.41,17
44,2024,4,680564.32,714.514,5.4,4408.27,18
44,2024,5,561157.73,231.357,3.35,2229.96,11
44,2024,6,512518.07,274.887,4.58,2000.86,17
44,2024,7,418117.18,229.237,6.1,1211.81,14
44,2024,8,283123.37,81.362,4.38,599.67,6
44,2024,9,414417.13,402.873,6.81,1970.74,8
44,2024,10,438471.9,352.139,9.52,1192.6,13
44,2024,11,465210.84,405.485,6.07,2227.14,13
44,2024,12,562219.25,509.323,4.5,3650.72,20
44,2025,1,412864.28,138.088,6.13,727.13,9
44,2025,2,371527.26,173.358,3.57,1732.61,11
44,2025,3,870287.5,1060.559,9.41,3634.07,14
44,2025,4,787382.53,370.828,5.23,2362.43,10
44,2025,5,604927.48,113.929,3.12,1178.76,7
44,2025,6,506209.05,280.499,4.27,2189.59,16
44,2025,7,627720.98,650.349,6.06,3463.05,16
44,2025,8,850824.71,836.992,8.7,3102.2,19
44,2025,9,814386.51,570.226,7.05,2694.91,17
44,2025,10,888848.95,763.821,9.58,2570.81,15
44,2025,11,669660.25,276.965,6.78,1360.87,8
44,2025,12,592729.14,276.419,7.65,1164.93,9
45,2024,1,718436.38,774.295,8.51,2935.84,19
45,2024,2,629022.63,241.537,7.78,1071.09,8
45,2024,3,458034.95,142.261,3.08,1492.24,16
45,2024,4,758335.09,811.257,5.97,4525.94,19
45,2024,5,575868.2,148.538,3.97,1208.37,9
45,2024,6,549921.19,319.681,4.41,2415.34,11
45,2024,7,504894.82,285.941,9.65,956.14,10
45,2024,8,371873.25,90.447,4.95,589.31,7
45,2024,9,413909.42,452.588,7.64,1975.81,9
45,2024,10,386233.23,208.941,6.1,1105.34,9
45,2024,11,572661.84,611.33,7.09,2873.61,14
45,2024,12,570668.51,259.78,7.76,1079.48,9
45,2025,1,662438.68,629.144,7.22,2811.46,15
45,2025,2,533958.32,171.263,3.76,1625.28,7
45,2025,3,494875.2,278.137,4.96,1807.56,15
45,2025,4,750449.95,820.445,6.37,4295.73,21
45,2025,5,851615.8,672.054,6.49,3339.47,15
45,2025,6,1187600.3,1138.804,7.97,4762.18,20
45,2025,7,964510.22,369.254,4.52,2637.02,13
45,2025,8,785331.11,311.536,9.59,1048.12,7
45,2025,9,808480.3,623.93,9.44,2202.49,11
45,2025,10,814109.11,625.693,9.16,2203.83,17
45,2025,11,879806.61,764.444,8.02,3178.56,19
45,2025,12,762960.17,408.227,8.51,1546.89,8
46,2024,1,548854.33,871.266,7.42,3786.93,18
46,2024,2,468384.46,204.843,7.17,985.63,11
46,2024,3,739286.48,688.839,8.48,2619.86,14
46,2024,4,735672.31,535.341,8.19,2178.11,18
46,2024,5,721352.56,513.705,9.01,1839.05,15
46,2024,6,545990.49,205.86,4.11,1669.08,8
46,2024,7,459982.87,162.825,3.06,1713.86,14
46,2024,8,382404.89,175.519,7.35,770.47,9
46,2024,9,446953.26,352.287,7.08,1659.73,7
46,2024,10,454554.42,316.259,8.68,1174.9,10
46,2024,11,414024.56,302.744,4.12,2446.8,18
46,2024,12,439599.71,208.162,4.33,1551.67,8
46,2025,1,603866.81,689.652,7.93,2806.68,12
46,2025,2,445084.53,70.342,4.18,601.19,5
46,2025,3,511411.31,395.486,7.64,1669.74,14
46,2025,4,484314.76,240.365,6.08,1318.42,15
46,2025,5,514325.35,417.222,4.64,2897.71,19
46,2025,6,560414.55,442.895,4.38,3371.54,16
46,2025,7,683730.09,636.457,6.06,3386.75,18
46,2025,8,868386.16,711.116,7.41,3097.13,13
46,2025,9,789263.84,532.292,7.14,2483.62,18
46,2025,10,626110.07,288.56,3.32,2799.55,12
46,2025,11,565959.75,282.067,4.33,2171.08,9
46,2025,12,432002.92,124.036,4.06,986.67,8
47,2024,1,340249.19,232.086,8.81,849.36,7
47,2024,2,506838.54,437.113,5.95,2532.48,21
47,2024,3,506393.41,384.535,6.84,1812.21,14
47,2024,4,420887.04,203.136,4.18,1619.77,18
47,2024,5,657862.31,602.994,6.59,2951.35,12
47,2024,6,547551.9,177.68,6.52,908.07,7
47,2024,7,611523.63,419.502,9.89,1368.26,8
47,2024,8,490462.47,216.753,5.45,1282.95,12
47,2024,9,404788.3,187.554,3.36,1860.07,12
47,2024,10,560884.4,567.528,5.91,3095.49,14
47,2024,11,593867.16,632.256,5.41,3898.72,18
47,2024,12,674274.14,524.037,7.83,2160.13,12
47,2025,1,669360.33,597.72,5.06,3809.11,21
47,2025,2,816894.76,748.342,6.15,4343.1,19
47,2025,3,772493.31,420.57,4.2,3228.44,14
47,2025,4,762638.73,369.9,3.82,3230.35,13
47,2025,5,679082.35,327.421,6.54,1614.23,18
47,2025,6,771644.62,585.883,6.88,2838.55,18
47,2025,7,816126.93,518.837,9.42,1777.31,15
47,2025,8,666644.62,188.222,4.54,1338.4,12
47,2025,9,486811.38,156.119,4.59,1133.33,13
47,2025,10,385583.86,147.075,5.23,906.66,5
47,2025,11,495868.08,462.019,6.38,2412.63,10
47,2025,12,554428.63,422.779,3.62,3771.84,19
48,2024,1,291435.85,336.476,7.13,1523.01,11
48,2024,2,345194.47,358.841,9.58,1292.08,5
48,2024,3,575185.81,548.632,5.56,3180.43,15
48,2024,4,841778.36,740.191,7.38,3343.33,16
48,2024,5,645683.84,203.164,4.34,1508.39,17
48,2024,6,568555.93,279.647,7.61,1225.68,7
48,2024,7,466184.86,227.001,9.06,807.95,9
48,2024,8,720624.88,837.936,7.01,3857.36,16
48,2024,9,979703.17,941.521,9.16,3425.28,17
48,2024,10,763104.22,254.949,8.27,994.08,7
48,2024,11,645584.24,330.025,6.21,1770.26,16
48,2024,12,477599.94,184.427,9.51,625.63,7
48,2025,1,759010.05,749.436,9.74,2482.36,20
48,2025,2,632519.25,303.901,5.63,1929.26,12
48,2025,3,452758.18,126.797,6.93,590.56,6
48,2025,4,404377.37,213.136,6.1,1165.45,7
48,2025,5,502049.59,359.201,8.6,1347.07,11
48,2025,6,511672.9,293.114,7.99,1223.24,8
48,2025,7,493503.13,376.483,6.95,1746.47,11
48,2025,8,373081.28,121.321,4.83,810.42,6
48,2025,9,311257.66,64.884,3.72,581.31,5
48,2025,10,294850.04,176.64,4.81,1185.41,13
48,2025,11,427903.03,471.569,5.96,2637.26,14
48,2025,12,650618.02,823.911,7.1,3745.73,19
49,2024,1,474853.9,352.527,9.09,1251.17,9
49,2024,2,547323.78,333.676,9.13,1260.71,5
49,2024,3,642310.78,519.034,7.04,2377.81,11
49,2024,4,728613.79,677.714,9.7,2328.16,11
49,2024,5,516729.93,108.869,3.79,927.6,8
49,2024,6,530304.97,324.075,7.26,1488.12,11
49,2024,7,709677.27,724.612,8.34,2803.78,14
49,2024,8,654103.03,351.649,4.84,2345.62,19
49,2024,9,509867.02,202.807,5.35,1264.04,6
49,2024,10,607565.18,611.424,5.06,3896.48,15
49,2024,11,482399.53,224.229,5.43,1376.81,11
49,2024,12,431228.57,184.611,3.28,1815.49,12
49,2025,1,481084.89,374.671,7.44,1624.64,17
49,2025,2,356406.73,119.622,4.02,1061.49,10
49,2025,3,602287.55,661.947,8.36,2553.93,18
49,2025,4,541405.63,215.902,5.5,1307.38,12
49,2025,5,653123.61,596.937,4.94,3898.05,17
49,2025,6,862483.2,802.955,7.08,3781.99,16
49,2025,7,965020.01,816.345,7.66,3436.36,16
49,2025,8,1072391.6,863.883,7.6,3664.66,17
49,2025,9,837876.5,332.307,5.92,1872.15,10
49,2025,10,714238.48,430.349,3.54,3920.58,20
49,2025,11,793686.14,587.617,5.99,3267.29,13
49,2025,12,704661.39,340.8,4.02,2736.51,20
50,2024,1,442636.54,180.59,4.79,1216.33,6
50,2024,2,576997.34,482.223,4.53,3667.63,16
50,2024,3,735235.93,676.021,8.45,2579.59,21
50,2024,4,688408.55,369.788,9.51,1295.96,8
50,2024,5,787847.56,581.176,6.04,3105.89,19
50,2024,6,822589.53,682.501,7.81,2911.13,21
50,2024,7,673258.45,167.532,4.03,1342.42,9
50,2024,8,529392.78,147.821,4.14,1150.7,8
50,2024,9,681051.96,700.262,5.32,4388.93,20
50,2024,10,531186.25,147.59,3.22,1479.04,9
50,2024,11,419871.25,143.875,6.43,746.32,5
50,2024,12,611583.13,635.717,7.52,2726.29,11
50,2025,1,649767.86,481.372,5.5,2822.7,15
50,2025,2,744893.47,713.368,8.12,3136.95,20
50,2025,3,719307.55,411.801,4.09,3248.84,13
50,2025,4,757753.87,445.892,8.17,1818.93,8
50,2025,5,642713.37,270.468,6.76,1290.31,9
50,2025,6,860049.69,860.628,8.23,3484.66,19
50,2025,7,790124.59,392.021,7.52,1681.26,15
50,2025,8,686169.56,333.158,3.77,2846.99,14
50,2025,9,705622.23,580.631,8.57,2257.58,10
50,2025,10,476840.56,112.132,7.43,486.96,5
50,2025,11,509898.47,427.137,3.9,3652.58,18
50,2025,12,531144.63,453.869,9.99,1465.26,8
51,2024,1,1016252.66,1391.653,9.39,4781.81,20
51,2024,2,877596.56,404.344,8.22,1695.97,11
51,2024,3,1020168.12,773.214,9.02,2764.31,20
51,2024,4,708696.01,115.461,3.16,1216.14,9
51,2024,5,707941.59,344.271,7.38,1504.33,15
51,2024,6,637448.18,249.571,5.8,1434.27,13
51,2024,7,649599.9,412.561,6.28,2120.32,12
51,2024,8,509017.44,201.998,4.23,1539.6,6
51,2024,9,473862.96,341.479,4.75,2397.91,15
51,2024,10,581826.98,533.61,9.41,1829.89,14
51,2024,11,711981.38,782.829,6.63,3934.78,17
51,2024,12,599151.76,339.538,5.09,2153.9,10
51,2025,1,913765.61,913.429,6.85,4303.16,17
51,2025,2,630400.8,126.142,5.03,895.58,5
51,2025,3,658070.61,452.954,5.02,2913.53,18
51,2025,4,701180.43,409.329,7.63,1787.16,16
51,2025,5,733352.01,352.266,4.04,2809.32,14
51,2025,6,577923.96,124.423,4.22,982.16,10
51,2025,7,510400.56,219.117,4.36,1621.65,15
51,2025,8,498732.41,269.158,6.51,1334.0,16
51,2025,9,482573.49,298.038,7.74,1284.01,5
51,2025,10,408872.68,254.051,5.69,1439.79,7
51,2025,11,632259.21,893.966,6.98,4268.8,17
51,2025,12,751323.79,600.967,5.99,3237.96,17
52,2024,1,720543.97,1131.737,9.41,3880.97,20
52,2024,2,679068.23,451.643,6.72,2316.99,14
52,2024,3,641780.74,458.287,6.9,2143.81,12
52,2024,4,767070.62,751.325,7.96,3144.95,20
52,2024,5,942249.81,813.606,7.39,3551.53,18
52,2024,6,805433.12,450.36,7.24,2073.73,9
52,2024,7,691711.43,398.273,7.3,1759.47,9
52,2024,8,709635.01,551.516,8.38,2122.73,10
52,2024,9,512044.85,180.357,5.95,1011.23,9
52,2024,10,503983.88,360.605,4.84,2404.38,12
52,2024,11,490729.83,309.785,8.58,1203.69,8
52,2024,12,500589.26,382.889,4.59,2689.24,14
52,2025,1,694815.49,674.926,9.18,2370.71,21
52,2025,2,554354.71,244.411,5.02,1738.42,12
52,2025,3,627917.46,477.374,8.23,1871.77,18
52,2025,4,616831.28,369.75,3.91,3151.91,18
52,2025,5,1105887.11,1190.125,7.6,5051.34,21
52,2025,6,917444.75,353.073,5.53,2127.54,9
52,2025,7,839578.46,359.392,7.05,1645.27,15
52,2025,8,898605.68,821.59,5.61,4723.29,20
52,2025,9,653631.35,164.53,3.49,1571.95,19
52,2025,10,674142.63,610.282,6.82,2886.81,12
52,2025,11,649275.14,454.704,5.04,3008.68,14
52,2025,12,710022.79,464.777,3.38,4440.98,19
53,2024,1,491678.12,678.268,5.9,3707.25,21
53,2024,2,520525.42,325.802,7.31,1536.33,17
53,2024,3,472028.86,235.231,3.73,2034.89,10
53,2024,4,616126.98,602.799,3.69,5447.74,21
53,2024,5,562189.74,263.978,9.22,923.41,10
53,2024,6,489830.79,186.527,5.26,1182.55,6
53,2024,7,544358.78,403.686,7.77,1676.86,7
53,2024,8,632535.03,511.296,7.29,2262.72,9
53,2024,9,590096.15,329.224,7.48,1466.66,7
53,2024,10,472498.88,239.747,3.47,2226.52,11
53,2024,11,433862.86,273.196,3.26,2795.48,11
53,2024,12,548852.54,505.283,3.6,4525.91,21
53,2025,1,468835.66,218.84,3.37,2093.44,17
53,2025,2,723435.55,741.911,9.52,2782.47,13
53,2025,3,899759.82,678.786,5.46,4009.64,21
53,2025,4,824098.48,368.567,4.7,2614.17,11
53,2025,5,840872.43,483.971,6.84,2281.49,11
53,2025,6,718161.95,387.254,9.96,1295.97,5
53,2025,7,877722.58,784.942,9.15,2765.9,13
53,2025,8,777162.01,398.307,8.74,1470.1,9
53,2025,9,681246.48,339.242,7.38,1532.62,7
53,2025,10,568562.31,213.389,5.77,1192.36,6
53,2025,11,678984.37,571.886,6.56,2905.34,16
53,2025,12,657514.28,415.729,3.44,3900.86,17
54,2024,1,527747.16,647.705,6.67,3134.66,15
54,2024,2,478090.64,294.486,5.46,1861.49,16
54,2024,3,474257.45,274.279,4.22,2097.65,10
54,2024,4,615382.92,549.79,4.74,3868.6,19
54,2024,5,532077.48,243.02,5.33,1470.78,11
54,2024,6,607880.12,426.067,9.12,1557.61,16
54,2024,7,492691.22,146.578,5.33,887.15,6
54,2024,8,552252.06,373.366,9.22,1305.68,8
54,2024,9,955869.51,1124.879,9.96,3763.13,17
54,2024,10,673469.3,76.944,3.3,751.36,6
54,2024,11,648021.84,411.427,4.77,2876.82,16
54,2024,12,789434.74,643.97,8.14,2551.67,13
54,2025,1,648057.06,277.544,3.9,2296.78,11
54,2025,2,571414.45,269.575,3.84,2509.8,19
54,2025,3,474469.11,149.13,4.23,1135.98,6
54,2025,4,410734.53,242.244,4.56,1769.05,13
54,2025,5,348583.05,144.043,4.82,963.22,11
54,2025,6,435334.67,362.848,9.77,1238.56,13
54,2025,7,489925.97,311.202,8.44,1189.42,14
54,2025,8,503949.09,353.84,3.43,3329.78,19
54,2025,9,692660.82,671.265,6.25,3577.73,16
54,2025,10,569719.98,210.479,5.05,1345.65,7
54,2025,11,568467.4,361.194,4.91,2453.11,14
54,2025,12,534248.45,351.071,8.44,1341.77,6
55,2024,1,531465.69,544.178,5.12,3430.95,16
55,2024,2,507267.27,287.671,8.72,1137.46,5
55,2024,3,386212.93,119.726,5.17,747.6,6
55,2024,4,530748.86,529.026,4.68,3769.06,21
55,2024,5,820869.79,954.144,7.16,4298.56,21
55,2024,6,623695.32,239.676,4.85,1647.48,19
55,2024,7,665950.63,465.056,5.43,2763.16,14
55,2024,8,538388.3,180.815,6.01,970.25,11
55,2024,9,423990.14,186.066,5.16,1201.5,6
55,2024,10,421684.43,163.142,5.17,1017.36,6
55,2024,11,370940.98,173.968,7.35,789.4,6
55,2024,12,454252.09,332.96,6.75,1591.65,18
55,2025,1,565271.02,580.173,5.41,3456.41,16
55,2025,2,539037.77,258.215,6.77,1361.25,8
55,2025,3,497173.87,223.842,3.3,2188.72,15
55,2025,4,481453.23,301.187,3.76,2671.8,16
55,2025,5,565708.91,383.439,5.63,2195.44,12
55,2025,6,1044094.09,1231.318,8.73,4700.45,20
55,2025,7,988441.19,519.094,7.59,2206.88,13
55,2025,8,839585.08,362.61,8.32,1405.82,6
55,2025,9,561881.2,72.832,3.41,711.81,7
55,2025,10,878493.01,958.936,9.64,3208.39,15
55,2025,11,1158652.68,1077.189,8.87,4047.85,17
55,2025,12,869338.18,207.527,9.47,707.16,7
56,2024,1,385264.41,232.596,9.96,753.43,9
56,2024,2,326521.11,120.955,4.54,918.55,7
56,2024,3,901815.64,1226.214,9.98,3964.78,18
56,2024,4,631629.97,83.015,3.67,753.48,5
56,2024,5,852361.23,839.451,8.94,3027.81,17
56,2024,6,630418.68,123.206,3.94,1042.57,12
56,2024,7,504006.49,210.428,5.82,1165.92,6
56,2024,8,691911.26,788.096,9.09,2796.69,20
56,2024,9,517649.07,147.908,9.43,522.82,5
56,2024,10,468839.3,273.382,8.68,1016.44,9
56,2024,11,489687.92,398.698,8.99,1477.79,16
56,2024,12,435467.66,223.697,3.58,2013.95,11
56,2025,1,411649.23,270.708,5.44,1605.13,13
56,2025,2,435905.93,268.797,7.31,1312.56,13
56,2025,3,476846.93,326.866,6.76,1559.14,17
56,2025,4,501796.35,259.73,4.38,1974.67,11
56,2025,5,1041457.78,1319.7,9.86,4318.23,17
56,2025,6,808662.47,243.308,3.59,2256.69,12
56,2025,7,686602.82,318.648,8.34,1232.68,8
56,2025,8,636618.72,460.119,3.0,4942.71,21
56,2025,9,456494.65,102.943,3.46,990.55,7
56,2025,10,444716.45,333.667,3.82,2820.23,16
56,2025,11,404512.72,202.768,5.3,1274.22,10
56,2025,12,354279.32,257.932,4.28,1942.99,17
57,2024,1,596849.78,793.573,7.28,3514.15,18
57,2024,2,533598.3,227.63,9.43,832.47,6
57,2024,3,416243.32,200.851,4.98,1300.7,9
57,2024,4,382451.68,271.514,3.3,2740.92,17
57,2024,5,365580.69,211.768,5.39,1267.93,7
57,2024,6,574518.45,683.959,7.22,3158.85,16
57,2024,7,478474.23,237.555,5.97,1282.88,5
57,2024,8,761839.09,771.628,9.93,2505.57,16
57,2024,9,646749.19,323.264,3.26,3308.41,21
57,2024,10,626240.13,297.683,4.39,2187.92,11
57,2024,11,562008.28,293.574,7.28,1344.82,7
57,2024,12,452341.96,205.528,6.4,1035.64,9
57,2025,1,450461.6,267.617,6.22,1387.99,13
57,2025,2,575110.68,591.131,6.91,3054.57,18
57,2025,3,572131.36,448.01,5.03,2873.52,19
57,2025,4,570985.89,339.839,8.25,1373.11,16
57,2025,5,608567.33,450.772,6.73,2159.44,20
57,2025,6,547501.93,261.662,6.11,1426.9,9
57,2025,7,386342.34,101.004,3.79,858.77,5
57,2025,8,314197.17,211.418,6.04,1129.83,7
57,2025,9,403572.67,415.248,5.46,2532.97,21
57,2025,10,755049.31,991.387,8.87,3606.59,18
57,2025,11,565666.22,111.083,8.54,433.49,5
57,2025,12,678966.22,601.175,9.74,1990.09,8
58,2024,1,500931.75,214.51,5.5,1258.32,8
58,2024,2,401414.95,172.681,3.78,1577.28,8
58,2024,3,310936.72,65.96,3.38,629.48,6
58,2024,4,488944.86,488.006,3.52,4618.11,20
58,2024,5,403810.57,160.94,4.55,1141.26,7
58,2024,6,327556.85,104.811,8.09,431.85,5
58,2024,7,310083.26,188.64,8.39,725.44,8
58,2024,8,429916.03,446.879,8.87,1625.12,17
58,2024,9,482063.74,310.779,9.24,1121.69,8
58,2024,10,1023012.3,1574.613,9.94,5111.49,21
58,2024,11,857050.97,291.16,4.95,1959.87,10
58,2024,12,826196.89,630.574,6.65,3058.62,18
58,2025,1,1038838.64,1078.221,8.94,3890.39,19
58,2025,2,781648.32,162.203,8.92,649.32,6
58,2025,3,669490.61,249.45,6.72,1197.35,7
58,2025,4,715866.52,416.706,4.62,3008.94,16
58,2025,5,645763.64,224.497,4.29,1688.07,9
58,2025,6,470548.39,130.396,4.75,915.29,6
58,2025,7,518772.84,377.459,8.22,1480.57,9
58,2025,8,423406.82,229.928,4.06,1828.46,13
58,2025,9,697392.77,926.117,6.16,5009.44,21
58,2025,10,1075859.19,1263.113,8.09,5036.94,20
58,2025,11,1302839.3,1228.694,8.34,4909.37,20
58,2025,12,1133388.25,502.434,5.3,3059.62,18
59,2024,1,486424.98,562.242,6.64,2731.31,14
59,2024,2,427846.57,252.819,6.03,1446.22,10
59,2024,3,412980.84,174.04,3.36,1670.27,7
59,2024,4,417825.38,279.011,4.43,2098.78,16
59,2024,5,486928.56,361.777,7.94,1469.77,9
59,2024,6,456419.76,245.218,4.21,1940.04,9
59,2024,7,412998.42,244.802,4.41,1790.07,7
59,2024,8,325235.87,117.275,3.93,961.77,7
59,2024,9,340136.59,268.178,6.9,1295.91,12
59,2024,10,347822.07,197.604,3.02,2112.89,18
59,2024,11,391945.46,237.214,4.46,1772.39,7
59,2024,12,460441.24,364.539,8.31,1415.1,17
59,2025,1,429371.99,268.463,6.15,1408.51,13
59,2025,2,528469.59,431.687,5.39,2861.08,14
59,2025,3,410089.45,110.917,3.16,1133.12,12
59,2025,4,469803.27,350.291,3.96,2952.13,18
59,2025,5,600001.79,546.383,7.19,2449.99,10
59,2025,6,459043.87,220.736,8.98,819.33,6
59,2025,7,789535.63,994.916,8.69,3693.38,16
59,2025,8,935471.2,795.204,6.28,4084.35,20
59,2025,9,663876.87,152.031,6.44,787.42,6
59,2025,10,648788.95,419.03,6.3,2144.11,10
59,2025,11,507335.0,177.24,8.17,722.97,6
59,2025,12,690455.39,852.878,8.99,3061.27,17
60,2024,1,788450.71,616.061,7.25,2740.93,18
60,2024,2,634556.76,184.111,3.32,1913.39,19
60,2024,3,654762.22,477.012,8.3,1853.55,13
60,2024,4,780297.46,562.748,9.82,1910.58,9
60,2024,5,564070.06,128.924,9.94,418.49,5
60,2024,6,645725.31,460.843,4.12,3725.56,16
60,2024,7,676126.57,459.736,5.62,2639.47,16
60,2024,8,635531.57,364.418,7.05,1666.3,12
60,2024,9,542519.61,199.354,3.33,1997.62,8
60,2024,10,414126.96,138.704,4.04,1107.75,5
60,2024,11,471074.33,320.639,8.12,1316.0,8
60,2024,12,477029.78,285.978,9.78,942.99,7
60,2025,1,740221.13,877.844,10.0,2832.77,20
60,2025,2,594939.73,138.394,3.59,1378.61,8
60,2025,3,526619.44,169.653,6.14,891.2,10
60,2025,4,697748.75,582.824,6.54,2970.75,16
60,2025,5,656230.27,404.463,6.63,1969.11,8
60,2025,6,532645.44,161.341,6.92,777.56,9
60,2025,7,514846.14,339.252,8.88,1232.51,10
60,2025,8,692868.84,785.717,8.98,2822.97,19
60,2025,9,610674.8,423.841,5.47,2583.22,16
60,2025,10,549583.87,308.596,7.83,1270.98,8
60,2025,11,774234.44,858.726,7.9,3625.52,15
60,2025,12,802104.95,530.532,6.03,2837.26,15
61,2024,1,825897.57,822.329,8.75,3033.31,12
61,2024,2,757318.17,433.523,6.35,2353.02,21
61,2024,3,655702.71,240.759,6.6,1177.46,5
61,2024,4,937569.92,859.813,8.62,3323.55,21
61,2024,5,746841.53,261.205,3.65,2306.32,18
61,2024,6,574060.49,133.133,4.9,905.32,9
61,2024,7,471149.16,199.528,4.55,1415.27,6
61,2024,8,443377.63,186.217,4.8,1252.42,6
61,2024,9,385610.65,144.831,5.88,820.55,8
61,2024,10,577701.49,721.888,8.66,2689.15,21
61,2024,11,456719.6,115.593,9.37,411.28,5
61,2024,12,496133.78,341.725,7.9,1395.43,12
61,2025,1,747562.39,732.474,8.55,2764.42,15
61,2025,2,987547.79,939.806,8.56,3922.38,19
61,2025,3,781773.87,331.582,5.37,1990.65,17
61,2025,4,592173.6,159.626,3.18,1673.27,18
61,2025,5,973938.99,1045.308,7.69,4387.06,17
61,2025,6,971368.15,510.843,7.2,2365.52,16
61,2025,7,751930.98,358.345,9.18,1258.56,9
61,2025,8,749020.78,375.16,8.01,1510.97,12
61,2025,9,599238.43,232.768,5.57,1392.35,6
61,2025,10,506598.68,305.514,7.78,1266.52,8
61,2025,11,498026.24,337.91,6.2,1816.32,21
61,2025,12,775985.08,1016.311,8.77,3737.63,20
62,2024,1,750170.33,637.15,6.33,3247.77,18
62,2024,2,1154273.47,1217.983,8.73,4812.56,20
62,2024,3,1026168.88,433.572,8.05,1736.87,17
62,2024,4,927371.99,568.042,9.85,1921.41,10
62,2024,5,883687.45,458.474,6.72,2200.47,20
62,2024,6,769580.96,378.321,8.99,1402.05,13
62,2024,7,668117.4,292.923,8.18,1155.25,5
62,2024,8,627847.9,430.584,5.75,2413.53,15
62,2024,9,472909.69,161.111,5.73,937.88,6
62,2024,10,468121.6,329.238,7.05,1507.4,7
62,2024,11,526314.01,419.985,3.69,3795.97,17
62,2024,12,833558.78,943.625,8.55,3561.19,19
62,2025,1,526079.32,60.351,3.06,636.37,7
62,2025,2,541674.68,390.893,6.68,2089.56,11
62,2025,3,541096.27,269.602,8.44,1030.22,8
62,2025,4,437567.19,121.994,8.59,473.34,5
62,2025,5,513587.18,389.05,7.14,1758.3,20
62,2025,6,530498.2,277.645,7.5,1233.94,9
62,2025,7,539910.11,330.012,5.44,1957.07,13
62,2025,8,827963.75,944.458,6.61,4605.84,18
62,2025,9,622071.68,173.963,8.06,719.42,5
62,2025,10,546427.25,284.071,3.43,2674.77,14
62,2025,11,557838.08,313.235,8.31,1256.79,6
62,2025,12,661643.49,548.782,7.07,2502.98,12
63,2024,1,588146.69,481.3,4.11,3780.59,21
63,2024,2,507597.05,221.481,5.66,1350.02,8
63,2024,3,801351.87,789.797,5.97,4267.16,17
63,2024,4,660958.78,275.106,5.37,1708.75,13
63,2024,5,594903.53,286.716,4.33,2135.69,11
63,2024,6,645115.44,455.169,9.56,1587.87,8
63,2024,7,554053.85,312.714,3.1,3248.99,18
63,2024,8,669575.93,599.866,6.46,2996.62,14
63,2024,9,578781.41,339.796,4.14,2738.33,18
63,2024,10,1136162.98,1551.08,9.27,5397.18,21
63,2024,11,878789.42,183.037,7.21,846.39,6
63,2024,12,789556.62,360.819,4.41,2637.67,17
63,2025,1,809958.48,716.065,5.85,3945.56,19
63,2025,2,672403.08,199.034,5.3,1342.08,11
63,2025,3,569613.16,270.969,3.6,2430.36,10
63,2025,4,475954.94,228.601,6.62,1150.5,8
63,2025,5,736433.17,700.403,6.97,3241.18,16
63,2025,6,627350.29,329.694,6.5,1690.62,14
63,2025,7,511002.67,180.519,3.44,1692.67,17
63,2025,8,922737.22,1063.843,9.56,3589.26,16
63,2025,9,967422.9,673.042,7.4,3032.81,16
63,2025,10,620913.11,114.082,4.47,823.28,9
63,2025,11,612045.52,339.161,7.21,1567.36,19
63,2025,12,821843.17,853.351,7.87,3497.55,20
64,2024,1,648495.58,623.627,9.91,2029.69,9
64,2024,2,848518.66,712.432,7.67,3204.52,17
64,2024,3,629047.79,144.816,7.16,652.26,5
64,2024,4,689452.08,490.102,6.56,2489.96,16
64,2024,5,738685.46,390.809,5.16,2441.85,10
64,2024,6,701452.66,398.172,7.02,1891.38,9
64,2024,7,576244.23,261.555,6.94,1214.99,5
64,2024,8,786861.45,706.186,6.46,3527.15,17
64,2024,9,1067758.95,1114.223,8.06,4605.33,21
64,2024,10,1041888.21,587.255,7.17,2642.91,11
64,2024,11,1016246.39,795.282,6.34,4180.94,20
64,2024,12,952424.29,634.209,9.36,2184.82,15
64,2025,1,786219.06,309.906,3.67,2723.02,18
64,2025,2,772211.1,512.611,6.97,2626.05,14
64,2025,3,940763.44,863.328,6.93,4019.51,16
64,2025,4,750967.76,264.951,8.5,1038.75,9
64,2025,5,578961.3,167.772,8.37,646.97,5
64,2025,6,552249.5,399.677,3.38,3939.48,21
64,2025,7,720300.43,732.507,9.35,2527.55,20
64,2025,8,697213.75,408.081,8.14,1616.27,7
64,2025,9,836551.16,776.253,9.31,2778.97,13
64,2025,10,963124.14,782.549,6.18,4083.9,17
64,2025,11,714964.54,166.185,3.52,1575.83,9
64,2025,12,549718.29,152.571,4.7,1046.33,5
65,2024,1,581780.27,717.084,9.91,2334.89,13
65,2024,2,474558.15,89.612,3.7,834.43,5
65,2024,3,443350.58,328.898,9.3,1141.08,6
65,2024,4,351429.9,122.985,3.87,1060.07,9
65,2024,5,544520.67,486.318,9.21,1703.49,8
65,2024,6,355800.86,74.804,3.6,693.19,6
65,2024,7,497031.46,511.332,5.28,3123.65,21
65,2024,8,680120.36,759.048,4.55,5383.12,21
65,2024,9,550737.12,200.962,9.0,744.54,5
65,2024,10,413410.38,139.414,4.19,1072.36,7
65,2024,11,398587.79,269.178,8.67,1034.73,7
65,2024,12,359956.59,232.087,7.95,941.18,6
65,2025,1,560911.08,699.394,8.58,2630.54,15
65,2025,2,545291.27,276.045,3.81,2588.24,10
65,2025,3,517002.42,277.419,4.46,2007.77,9
65,2025,4,663641.2,598.443,4.9,4070.25,19
65,2025,5,754044.0,553.654,8.86,2016.09,11
65,2025,6,619362.44,315.683,6.35,1656.56,13
65,2025,7,570783.94,377.365,4.79,2539.86,18
65,2025,8,370540.75,66.094,3.31,643.47,5
65,2025,9,338376.51,217.103,9.71,745.64,7
65,2025,10,469078.41,470.754,8.65,1756.43,10
65,2025,11,465445.17,330.478,7.56,1456.56,12
65,2025,12,877136.42,1134.791,9.08,4031.92,16
66,2024,1,554776.25,667.904,5.13,4198.08,18
66,2024,2,453763.96,214.507,5.96,1241.81,12
66,2024,3,521584.64,422.13,7.98,1706.48,14
66,2024,4,492911.96,365.649,8.36,1458.23,7
66,2024,5,595519.02,511.028,8.35,1975.02,14
66,2024,6,864936.97,749.707,8.14,3068.95,17
66,2024,7,1250290.9,1192.709,8.99,4279.39,20
66,2024,8,1039157.45,435.211,7.1,1976.09,18
66,2024,9,935290.58,528.087,5.92,2972.5,12
66,2024,10,775223.67,310.0,3.15,3171.95,18
66,2024,11,612295.83,227.791,5.51,1378.35,7
66,2024,12,1003762.81,1271.541,9.46,4337.57,17
66,2025,1,951176.46,661.206,5.5,3879.59,19
66,2025,2,720001.04,224.907,5.27,1522.87,12
66,2025,3,633998.1,274.491,6.88,1287.55,10
66,2025,4,683018.86,384.854,3.91,3277.0,13
66,2025,5,697970.54,444.673,5.41,2652.73,18
66,2025,6,758071.89,528.132,5.82,3026.74,16
66,2025,7,925768.48,786.482,6.6,3844.1,20
66,2025,8,787833.39,355.693,8.71,1317.81,7
66,2025,9,715819.95,339.591,4.37,2590.59,20
66,2025,10,666079.1,362.735,3.95,2962.77,17
66,2025,11,614180.86,304.493,4.34,2337.03,17
66,2025,12,504140.71,81.4,4.38,599.86,5
67,2024,1,830078.19,799.552,6.37,4046.17,21
67,2024,2,760977.16,334.167,7.93,1453.99,11
67,2024,3,831335.33,517.41,4.38,3811.8,16
67,2024,4,937959.49,732.644,6.6,3701.59,21
67,2024,5,808632.64,270.336,6.14,1420.72,16
67,2024,6,751562.64,344.108,9.19,1248.4,14
67,2024,7,563447.62,152.016,3.38,1449.9,8
67,2024,8,467721.88,208.46,5.5,1221.62,5
67,2024,9,453398.49,294.289,7.97,1230.97,10
67,2024,10,423973.19,223.824,7.29,991.08,5
67,2024,11,319047.41,63.937,3.93,542.43,5
67,2024,12,313707.48,158.702,3.82,1341.21,6
67,2025,1,341639.54,279.594,8.8,1024.61,8
67,2025,2,537010.19,618.402,7.81,2828.11,11
67,2025,3,622303.98,421.178,7.62,1783.5,11
67,2025,4,635917.3,487.432,6.17,2634.57,15
67,2025,5,658741.46,480.996,5.71,2718.41,18
67,2025,6,614188.88,208.021,5.18,1338.69,7
67,2025,7,483467.13,133.257,5.29,812.73,5
67,2025,8,827718.56,933.268,9.51,3165.09,21
67,2025,9,646316.97,162.974,4.94,1100.23,7
67,2025,10,859100.24,861.623,5.53,5027.71,21
67,2025,11,895919.71,753.299,6.42,3912.57,20
67,2025,12,908275.42,552.612,5.0,3568.54,20
68,2024,1,442883.84,471.45,6.34,2399.83,17
68,2024,2,410850.99,144.335,4.1,1212.87,14
68,2024,3,374410.37,220.838,7.96,895.07,6
68,2024,4,546779.71,490.768,6.35,2574.81,13
68,2024,5,412995.95,140.467,3.64,1244.73,11
68,2024,6,890691.62,1251.346,9.48,4400.81,18
68,2024,7,990457.99,918.776,6.84,4333.95,19
68,2024,8,974131.87,654.865,5.98,3532.19,14
68,2024,9,822209.92,387.034,3.44,3751.49,15
68,2024,10,606870.31,237.896,3.9,1967.83,11
68,2024,11,471536.43,223.533,4.51,1651.17,20
68,2024,12,508100.9,386.33,5.73,2175.14,9
68,2025,1,497995.56,310.566,6.61,1516.18,11
68,2025,2,596859.12,447.611,7.03,2274.23,9
68,2025,3,647941.73,435.133,3.67,3828.74,18
68,2025,4,812070.36,552.741,4.44,4147.24,18
68,2025,5,526241.78,107.664,4.38,792.09,8
68,2025,6,455589.0,166.51,4.31,1288.65,6
68,2025,7,641155.73,676.498,8.83,2472.09,10
68,2025,8,532177.11,148.575,3.07,1562.36,15
68,2025,9,613139.17,441.6,9.41,1563.56,13
68,2025,10,532266.03,289.989,4.08,2293.61,11
68,2025,11,622183.51,471.351,6.31,2490.44,17
68,2025,12,562845.45,376.449,5.93,2048.25,15
69,2024,1,451233.64,344.469,3.79,2928.38,13
69,2024,2,503033.31,294.979,3.27,3111.64,17
69,2024,3,459780.52,156.28,4.26,1183.02,10
69,2024,4,357141.37,146.019,8.7,559.6,5
69,2024,5,425484.74,377.095,6.36,1912.33,11
69,2024,6,579006.3,523.937,6.52,2678.51,11
69,2024,7,496260.29,245.984,8.53,929.93,7
69,2024,8,412365.85,191.564,3.15,1960.76,18
69,2024,9,355994.19,170.859,5.33,1069.4,5
69,2024,10,401758.25,340.41,6.51,1686.58,20
69,2024,11,557433.39,472.903,8.15,1934.41,11
69,2024,12,641062.97,505.74,7.09,2302.48,12
69,2025,1,748227.79,511.035,8.01,2056.93,10
69,2025,2,608804.92,187.065,5.54,1206.23,6
69,2025,3,516954.34,295.183,4.17,2284.51,14
69,2025,4,655104.23,555.576,8.4,2204.92,10
69,2025,5,575704.15,272.365,5.74,1530.93,16
69,2025,6,552634.76,298.492,6.55,1518.46,6
69,2025,7,518300.22,352.995,5.68,2003.03,8
69,2025,8,455845.91,256.771,5.14,1612.28,9
69,2025,9,410926.65,201.695,9.19,731.62,9
69,2025,10,375384.12,173.408,7.78,718.85,6
69,2025,11,710331.3,908.527,9.25,3272.69,14
69,2025,12,551287.38,191.601,6.08,1016.56,10
70,2024,1,793257.91,1186.146,9.84,3889.8,16
70,2024,2,591288.72,224.592,5.51,1404.28,15
70,2024,3,447200.09,115.42,3.13,1190.69,14
70,2024,4,611863.93,557.582,8.53,2177.74,20
70,2024,5,630619.77,294.762,7.33,1297.92,5
70,2024,6,604691.48,446.485,8.75,1701.22,7
70,2024,7,769539.83,690.741,7.93,2811.27,21
70,2024,8,1286712.8,1592.499,9.89,5193.35,20
70,2024,9,1188359.6,783.078,8.45,3088.97,12
70,2024,10,1429498.77,1253.891,8.38,4827.62,20
70,2024,11,1164362.81,436.18,8.66,1678.42,11
70,2024,12,1037350.0,698.576,8.91,2528.61,12
70,2025,1,759611.05,230.96,5.92,1258.21,12
70,2025,2,572016.32,136.086,3.34,1454.05,6
70,2025,3,740930.18,732.087,7.04,3355.07,14
70,2025,4,896237.06,784.436,9.64,2711.13,16
70,2025,5,709010.02,240.771,5.29,1468.18,6
70,2025,6,521480.42,64.982,3.45,628.49,5
70,2025,7,686052.75,675.101,4.56,4778.78,21
70,2025,8,717076.58,490.014,8.33,1897.06,16
70,2025,9,605912.43,224.23,5.96,1254.3,7
70,2025,10,482692.48,216.496,4.02,1738.35,7
70,2025,11,578983.66,497.607,6.58,2520.07,13
70,2025,12,617006.04,492.143,5.81,2731.99,11
71,2024,1,788794.15,1039.164,9.81,3416.95,14
71,2024,2,919200.36,879.697,8.96,3387.37,21
71,2024,3,918789.54,595.664,5.62,3420.05,17
71,2024,4,721970.83,273.802,4.57,1995.55,13
71,2024,5,630851.28,268.842,3.78,2294.45,10
71,2024,6,634265.27,360.732,6.87,1750.83,10
71,2024,7,620560.46,392.034,6.24,2026.29,18
71,2024,8,707051.07,539.302,8.46,2057.48,13
71,2024,9,527923.9,143.428,6.78,705.21,8
71,2024,10,456333.69,193.742,4.37,1429.22,9
71,2024,11,540008.55,565.791,5.75,3278.67,14
71,2024,12,473077.05,260.558,4.06,2068.06,11
71,2025,1,446211.69,234.599,8.76,863.57,7
71,2025,2,380681.15,162.459,3.64,1592.64,10
71,2025,3,1003141.15,1187.215,9.38,4084.62,18
71,2025,4,893527.6,479.931,7.51,2129.53,12
71,2025,5,837002.8,444.112,9.32,1537.19,12
71,2025,6,733767.03,533.662,3.84,4628.78,19
71,2025,7,723012.63,511.314,9.59,1719.12,12
71,2025,8,605902.41,255.219,3.03,2719.77,14
71,2025,9,502670.58,185.786,3.37,1840.1,9
71,2025,10,901054.54,1275.019,7.79,5280.91,21
71,2025,11,749141.88,332.658,7.95,1395.36,12
71,2025,12,683771.14,459.062,4.56,3246.81,19
72,2024,1,613599.5,513.738,4.67,3546.16,20
72,2024,2,574885.24,362.757,5.89,2124.82,19
72,2024,3,513025.02,208.4,5.66,1188.4,5
72,2024,4,554322.82,332.49,5.48,2022.76,9
72,2024,5,746115.09,624.951,5.38,3749.96,17
72,2024,6,689480.58,355.266,7.12,1662.88,16
72,2024,7,762311.45,527.031,6.88,2471.57,18
72,2024,8,792198.86,530.031,7.54,2268.36,14
72,2024,9,738256.99,412.834,4.45,3093.8,12
72,2024,10,605755.94,269.679,4.3,2023.05,9
72,2024,11,618475.22,488.251,7.23,2252.49,11
72,2024,12,554852.21,318.934,8.19,1256.26,6
72,2025,1,457137.81,227.262,7.2,1018.33,11
72,2025,2,428661.04,216.025,5.0,1541.64,9
72,2025,3,530098.23,455.879,7.07,2080.41,9
72,2025,4,565908.2,409.265,4.38,3116.01,14
72,2025,5,384581.96,96.534,3.27,951.59,5
72,2025,6,332864.44,181.838,4.29,1412.92,17
72,2025,7,314258.17,249.736,4.83,1668.19,19
72,2025,8,275350.95,119.48,7.54,511.33,5
72,2025,9,278666.26,173.971,3.21,1808.88,14
72,2025,10,359615.03,326.044,5.52,1906.05,21
72,2025,11,369443.29,361.934,6.75,1787.74,9
72,2025,12,452213.81,320.356,5.68,1818.05,17
73,2024,1,401633.13,415.008,5.51,2428.41,18
73,2024,2,881930.2,1175.217,9.68,4184.96,21
73,2024,3,969572.24,618.436,5.54,3604.11,21
73,2024,4,1172610.71,799.823,9.11,2925.38,19
73,2024,5,1000915.83,446.834,9.51,1515.93,17
73,2024,6,1127039.1,787.67,8.7,3019.39,20
73,2024,7,805029.08,128.181,6.08,679.78,6
73,2024,8,636051.33,228.121,6.9,1066.32,8
73,2024,9,455385.97,164.16,4.5,1215.17,9
73,2024,10,502068.86,372.86,4.17,2881.7,15
73,2024,11,435926.97,214.048,4.76,1500.08,8
73,2024,12,494775.13,495.031,9.33,1711.5,13
73,2025,1,480158.65,223.898,8.86,814.84,9
73,2025,2,479183.93,263.745,3.73,2522.86,20
73,2025,3,570038.57,454.569,7.97,1839.59,9
73,2025,4,552856.41,414.778,8.94,1546.67,9
73,2025,5,473743.57,243.547,6.67,1177.05,11
73,2025,6,894240.3,965.843,8.87,3628.73,15
73,2025,7,823032.36,479.713,9.27,1668.73,11
73,2025,8,707142.23,358.439,4.41,2619.57,12
73,2025,9,1001386.93,925.314,6.93,4451.9,19
73,2025,10,830231.3,395.83,3.39,3768.22,16
73,2025,11,777328.11,459.1,9.66,1583.46,13
73,2025,12,572147.51,166.762,3.18,1690.66,13
74,2024,1,498556.35,408.002,7.12,1849.72,8
74,2024,2,624848.57,582.631,5.53,3633.08,18
74,2024,3,681289.18,445.227,5.32,2701.1,13
74,2024,4,841341.3,626.081,9.63,2166.7,17
74,2024,5,944079.13,677.006,8.11,2693.93,18
74,2024,6,832238.92,403.756,5.55,2423.28,13
74,2024,7,840029.21,527.059,6.01,2830.77,12
74,2024,8,582333.95,149.899,4.19,1153.4,5
74,2024,9,678947.68,663.37,4.47,4952.15,20
74,2024,10,686691.68,522.199,7.85,2147.17,12
74,2024,11,1042417.42,1242.903,9.55,4337.55,21
74,2024,12,1043312.03,666.045,7.97,2696.66,20
74,2025,1,861054.64,320.161,8.29,1245.58,7
74,2025,2,644255.83,135.841,5.89,823.6,8
74,2025,3,473621.3,125.24,4.59,880.25,5
74,2025,4,376766.78,185.136,3.06,2015.56,12
74,2025,5,459925.09,400.549,7.31,1768.33,15
74,2025,6,628483.69,564.692,8.73,2155.98,21
74,2025,7,509599.24,229.424,5.37,1377.15,14
74,2025,8,534013.35,318.19,3.31,3098.88,12
74,2025,9,705440.25,875.802,9.52,3066.25,19
74,2025,10,807713.53,699.341,8.08,2791.99,13
74,2025,11,934659.09,849.605,7.21,3930.08,17
74,2025,12,789127.22,340.621,9.63,1141.48,9
75,2024,1,515530.68,200.688,5.78,1120.04,8
75,2024,2,620745.41,596.216,7.97,2578.44,14
75,2024,3,494987.75,190.144,7.89,777.44,5
75,2024,4,711909.38,605.737,9.32,2166.49,11
75,2024,5,753410.24,596.659,6.88,2798.87,18
75,2024,6,574304.67,185.787,4.98,1244.01,9
75,2024,7,706984.55,663.71,7.08,3021.89,16
75,2024,8,598768.53,258.758,3.65,2287.44,10
75,2024,9,906453.72,846.663,7.37,3830.67,16
75,2024,10,696415.21,241.426,4.69,1661.15,14
75,2024,11,574529.22,233.188,4.56,1705.93,14
75,2024,12,773832.88,869.972,9.83,2854.08,14
75,2025,1,932272.81,859.477,7.15,3879.83,19
75,2025,2,1196269.04,1044.762,7.38,5056.95,21
75,2025,3,932135.86,290.959,8.29,1132.56,9
75,2025,4,874630.03,476.02,9.5,1670.21,11
75,2025,5,961560.17,694.152,7.68,2915.92,13
75,2025,6,1223556.08,1034.34,9.33,3696.4,15
75,2025,7,878739.22,136.665,3.15,1397.84,12
75,2025,8,753777.81,354.442,5.1,2241.11,12
75,2025,9,954606.85,909.154,9.73,3115.71,16
75,2025,10,803265.58,449.954,7.25,2002.04,10
75,2025,11,790858.19,551.683,5.9,3116.38,17
75,2025,12,905940.71,689.501,5.3,4199.97,19
76,2024,1,501785.27,588.343,9.65,1967.63,18
76,2024,2,623215.92,516.532,9.47,1881.4,16
76,2024,3,502263.14,253.784,6.64,1232.85,5
76,2024,4,403684.51,158.361,9.71,543.87,6
76,2024,5,302462.13,69.732,4.08,550.95,5
76,2024,6,340939.07,324.613,5.76,1877.7,21
76,2024,7,432447.62,417.316,4.4,3057.1,15
76,2024,8,434181.04,308.258,3.58,2774.16,19
76,2024,9,974486.07,1451.521,9.54,5072.35,20
76,2024,10,886322.48,454.436,6.41,2286.0,16
76,2024,11,813116.34,365.712,5.6,2176.74,17
76,2024,12,840016.92,682.362,5.25,4192.63,17
76,2025,1,671104.85,237.562,3.74,2049.03,12
76,2025,2,671181.66,410.396,5.45,2691.58,11
76,2025,3,611352.25,324.018,3.06,3415.49,21
76,2025,4,750095.96,626.859,4.94,4226.38,21
76,2025,5,733755.41,445.011,4.53,3165.97,21
76,2025,6,634211.3,382.067,7.84,1623.97,16
76,2025,7,498798.0,233.729,5.21,1446.28,6
76,2025,8,587558.36,519.612,6.83,2453.85,21
76,2025,9,497600.3,260.937,3.26,2671.51,17
76,2025,10,666994.19,699.857,9.07,2489.49,10
76,2025,11,523775.38,212.905,6.33,1121.22,5
76,2025,12,491983.54,290.716,7.09,1322.31,14
77,2024,1,598003.05,421.769,8.13,1672.53,11
77,2024,2,499602.23,191.716,5.48,1205.59,6
77,2024,3,385579.2,103.277,3.16,1053.57,10
77,2024,4,744524.39,930.161,8.65,3583.13,15
77,2024,5,718015.72,356.755,3.81,3021.61,15
77,2024,6,740941.46,557.479,9.31,1996.62,18
77,2024,7,641659.24,335.843,3.84,2823.17,11
77,2024,8,532418.11,261.145,5.95,1414.96,14
77,2024,9,753880.43,820.67,7.04,3888.43,20
77,2024,10,646537.68,312.303,5.96,1690.1,11
77,2024,11,463182.65,154.654,4.2,1226.47,9
77,2024,12,411993.41,206.534,6.01,1109.35,6
77,2025,1,404957.23,236.261,7.91,963.53,6
77,2025,2,544102.99,497.69,8.3,2142.23,12
77,2025,3,512075.57,292.59,7.12,1326.02,12
77,2025,4,565604.68,385.319,4.32,2971.23,13
77,2025,5,764144.58,655.99,6.5,3254.97,16
77,2025,6,716566.02,405.168,8.79,1535.77,16
77,2025,7,518555.56,119.139,4.96,774.68,8
77,2025,8,543734.87,425.107,5.4,2540.05,10
77,2025,9,687793.63,761.027,7.15,3549.51,14
77,2025,10,673078.06,445.171,7.52,1910.39,8
77,2025,11,700066.01,577.708,9.56,2013.75,9
77,2025,12,622023.52,264.464,5.25,1624.83,12
78,2024,1,189098.94,165.716,3.77,1416.86,7
78,2024,2,202704.14,136.514,4.07,1156.42,12
78,2024,3,693933.34,936.97,9.25,3268.13,13
78,2024,4,610344.16,335.29,7.59,1472.77,6
78,2024,5,539413.05,242.435,5.73,1365.29,8
78,2024,6,619179.08,426.975,6.14,2319.2,16
78,2024,7,621927.76,337.727,4.62,2356.98,18
78,2024,8,499125.46,175.413,8.67,652.28,5
78,2024,9,657179.71,633.096,8.42,2507.64,14
78,2024,10,682187.94,462.772,8.59,1736.91,19
78,2024,11,729894.66,591.102,9.21,2138.59,14
78,2024,12,796773.05,633.607,9.4,2174.29,20
78,2025,1,806700.32,563.75,4.13,4399.48,20
78,2025,2,602081.91,127.41,6.99,651.43,5
78,2025,3,558930.65,356.092,6.7,1714.02,13
78,2025,4,725101.85,596.651,6.94,2867.58,19
78,2025,5,740022.72,472.028,7.32,2079.44,21
78,2025,6,650693.84,256.985,3.95,2166.83,14
78,2025,7,587365.08,290.818,4.85,1933.08,9
78,2025,8,730366.25,545.441,9.53,1847.04,16
78,2025,9,738175.28,512.664,3.79,4514.5,18
78,2025,10,550831.12,78.659,5.2,488.06,6
78,2025,11,679863.55,573.05,6.86,2785.49,13
78,2025,12,719990.47,576.52,7.55,2464.04,13
79,2024,1,756224.05,919.582,8.16,3635.66,18
79,2024,2,610004.06,228.099,9.07,867.23,7
79,2024,3,730824.89,556.144,6.19,2899.81,12
79,2024,4,857285.35,611.869,9.61,2123.25,11
79,2024,5,699504.54,204.911,3.16,2093.08,12
79,2024,6,697067.97,483.312,7.09,2272.76,21
79,2024,7,678978.54,399.196,5.53,2327.16,10
79,2024,8,544233.94,193.741,7.46,837.56,5
79,2024,9,434513.13,189.391,3.54,1783.89,11
79,2024,10,600221.47,694.495,5.99,3741.08,19
79,2024,11,723120.27,676.66,9.92,2274.81,17
79,2024,12,557941.99,152.859,8.22,600.13,5
79,2025,1,593338.53,442.058,7.5,1901.41,9
79,2025,2,518898.58,266.212,7.0,1358.65,7
79,2025,3,877036.89,1054.904,7.21,4721.45,19
79,2025,4,690612.52,241.827,3.35,2409.83,17
79,2025,5,693283.56,431.318,6.56,2120.76,9
79,2025,6,583577.33,241.217,3.75,2141.47,11
79,2025,7,543475.39,288.748,3.1,3003.46,17
79,2025,8,428452.84,161.278,5.24,993.65,11
79,2025,9,473253.46,348.844,6.22,1868.91,15
79,2025,10,806595.28,1226.165,9.86,4012.47,16
79,2025,11,645942.11,219.411,6.44,1136.22,10
79,2025,12,496037.55,158.445,4.95,1032.48,8
80,2024,1,409308.2,511.398,7.82,2109.09,13
80,2024,2,380332.07,232.676,5.45,1472.93,16
80,2024,3,611675.22,608.032,8.44,2323.36,11
80,2024,4,501815.29,169.957,3.95,1434.09,7
80,2024,5,419093.62,149.998,3.89,1243.22,10
80,2024,6,538928.5,428.96,8.78,1629.2,19
80,2024,7,453051.44,183.08,8.55,690.87,8
80,2024,8,326249.48,93.129,4.16,722.66,5
80,2024,9,306431.35,152.831,5.41,942.41,8
80,2024,10,224963.77,146.485,3.27,1444.14,14
80,2024,11,350322.53,396.782,8.51,1554.39,15
80,2024,12,306383.35,195.114,4.37,1441.85,17
80,2025,1,724218.12,942.672,6.45,4714.0,21
80,2025,2,588050.42,227.181,9.48,856.09,5
80,2025,3,450750.46,123.402,4.56,872.3,6
80,2025,4,464548.91,291.656,8.34,1165.37,7
80,2025,5,712890.94,871.95,7.48,3761.98,17
80,2025,6,619864.25,267.877,8.07,1106.29,10
80,2025,7,961701.03,981.664,8.45,3746.99,16
80,2025,8,985594.99,653.168,8.52,2472.07,16
80,2025,9,809017.98,305.12,4.16,2443.36,19
80,2025,10,636616.38,193.834,3.71,1684.77,9
80,2025,11,823414.68,762.752,8.59,2961.4,19
80,2025,12,606102.02,119.546,3.72,1036.55,11
81,2024,1,370375.07,128.256,6.14,673.99,6
81,2024,2,398259.53,408.375,7.17,1963.53,16
81,2024,3,388576.75,211.229,4.62,1475.56,7
81,2024,4,488358.73,327.982,8.73,1252.05,9
81,2024,5,483351.87,321.157,6.92,1497.87,7
81,2024,6,429340.14,222.812,3.95,1880.47,10
81,2024,7,441821.29,300.918,4.49,2163.14,21
81,2024,8,397658.99,200.275,8.52,758.3,9
81,2024,9,885197.25,1157.497,7.1,5430.58,21
81,2024,10,921217.24,688.267,9.04,2454.89,18
81,2024,11,734208.46,441.227,5.8,2535.62,17
81,2024,12,1230177.47,1349.355,9.13,4767.05,20
81,2025,1,971244.1,348.996,3.45,3263.8,13
81,2025,2,749314.09,233.94,5.73,1457.92,8
81,2025,3,618054.12,244.224,7.86,1002.18,9
81,2025,4,621319.18,390.811,7.19,1810.93,17
81,2025,5,918492.38,793.655,8.58,2983.45,16
81,2025,6,713379.22,228.08,3.95,1925.81,18
81,2025,7,960875.12,1076.706,9.7,3581.68,15
81,2025,8,678087.8,167.871,5.71,948.05,8
81,2025,9,488324.41,89.974,3.63,825.68,5
81,2025,10,448121.66,250.48,6.85,1180.22,6
81,2025,11,344860.81,64.699,5.13,420.39,5
81,2025,12,465039.37,398.456,6.44,1997.27,18
82,2024,1,346263.04,150.122,4.07,1189.62,7
82,2024,2,320877.84,103.68,3.25,1099.23,5
82,2024,3,373150.46,354.112,5.76,1984.82,16
82,2024,4,421101.9,359.173,5.24,2286.54,17
82,2024,5,582562.31,445.08,5.41,2653.21,12
82,2024,6,773758.71,799.359,8.69,3064.55,20
82,2024,7,867682.8,735.967,7.34,3232.47,19
82,2024,8,687461.91,293.384,6.75,1402.61,11
82,2024,9,750790.19,759.767,8.23,3077.0,20
82,2024,10,794930.98,527.782,6.29,2707.32,17
82,2024,11,781608.52,593.319,7.27,2719.05,19
82,2024,12,914533.7,747.932,8.67,2783.85,11
82,2025,1,1041157.4,891.342,9.54,3015.43,19
82,2025,2,718566.71,108.095,8.36,462.06,5
82,2025,3,906520.34,840.221,6.14,4414.03,21
82,2025,4,656170.76,135.507,5.31,851.03,5
82,2025,5,761669.45,800.829,7.55,3419.89,17
82,2025,6,610118.56,230.016,5.63,1362.66,11
82,2025,7,566409.08,357.168,6.54,1762.14,16
82,2025,8,661795.06,544.413,9.06,1938.01,11
82,2025,9,549017.88,270.253,3.55,2539.57,19
82,2025,10,497277.6,238.98,7.38,1045.18,5
82,2025,11,595374.09,492.679,7.18,2287.84,10
82,2025,12,572776.76,383.425,3.22,3837.26,15
83,2024,1,514751.08,514.951,6.0,2769.77,19
83,2024,2,480013.61,325.698,9.81,1144.75,7
83,2024,3,403584.37,116.961,3.21,1176.09,7
83,2024,4,365123.31,186.922,6.83,911.64,9
83,2024,5,759701.02,929.835,9.23,3250.36,16
83,2024,6,837173.04,630.995,7.55,2784.21,12
83,2024,7,1016679.9,788.78,9.95,2557.29,19
83,2024,8,1050937.19,781.771,6.67,3781.97,18
83,2024,9,840626.8,302.821,5.36,1884.88,20
83,2024,10,657157.12,231.778,6.24,1198.76,5
83,2024,11,487234.91,143.91,3.31,1448.87,10
83,2024,12,494644.8,458.436,7.25,2039.39,14
83,2025,1,585652.42,615.509,9.95,1996.32,13
83,2025,2,671094.97,439.026,9.44,1661.41,9
83,2025,3,797936.07,661.152,9.96,2140.36,11
83,2025,4,1251645.41,1323.613,9.42,4685.24,20
83,2025,5,988254.97,322.115,5.51,1885.63,10
83,2025,6,713082.04,154.338,4.51,1139.78,8
83,2025,7,588354.89,179.972,3.89,1494.06,7
83,2025,8,532298.16,226.824,5.35,1367.85,16
83,2025,9,444937.38,212.119,3.17,2229.12,19
83,2025,10,410677.64,283.055,6.69,1365.57,6
83,2025,11,311346.69,70.887,4.56,518.36,5
83,2025,12,453224.01,404.385,5.71,2283.29,14
84,2024,1,711670.52,868.746,8.02,3495.8,21
84,2024,2,619068.84,269.308,6.14,1511.56,13
84,2024,3,677702.28,468.433,6.48,2330.59,16
84,2024,4,735735.05,597.895,4.09,4876.49,21
84,2024,5,1081056.77,1028.664,9.72,3413.81,18
84,2024,6,1380460.08,1299.367,9.71,4460.88,19
84,2024,7,1049545.37,245.468,3.66,2166.14,11
84,2024,8,786863.8,164.824,3.18,1671.44,9
84,2024,9,676336.71,297.064,4.02,2462.76,18
84,2024,10,664841.2,434.988,7.73,1815.04,15
84,2024,11,544605.92,323.633,5.57,1935.28,12
84,2024,12,544468.46,265.546,6.65,1287.2,9
84,2025,1,389692.7,94.861,3.75,815.4,5
84,2025,2,621713.21,703.093,9.06,2771.33,20
84,2025,3,579122.32,376.394,7.29,1666.6,11
84,2025,4,502046.95,220.321,4.2,1749.29,13
84,2025,5,729291.45,675.326,9.98,2182.23,9
84,2025,6,525979.35,149.765,3.25,1534.48,7
84,2025,7,900493.23,989.294,8.28,3856.32,15
84,2025,8,816066.39,534.907,8.28,2084.06,11
84,2025,9,608807.9,150.314,4.81,1041.79,6
84,2025,10,448856.47,239.218,4.72,1635.94,9
84,2025,11,542788.67,558.698,6.13,3038.74,12
84,2025,12,494700.61,371.238,7.38,1622.5,7
85,2024,1,389866.77,90.812,3.94,742.73,5
85,2024,2,1059794.59,1285.758,9.87,4492.15,21
85,2024,3,1046325.48,714.283,5.29,4351.79,17
85,2024,4,780306.33,163.79,8.78,621.8,7
85,2024,5,693132.19,290.219,3.46,2704.62,18
85,2024,6,738944.44,501.578,3.81,4386.26,18
85,2024,7,763098.08,535.041,9.73,1774.35,8
85,2024,8,629928.04,201.646,4.77,1363.41,16
85,2024,9,666083.85,418.431,7.37,1892.87,13
85,2024,10,698881.21,453.155,7.93,1842.33,13
85,2024,11,663174.08,395.219,9.3,1416.54,8
85,2024,12,527251.79,241.899,3.79,2058.15,8
85,2025,1,588064.03,447.297,6.29,2294.62,11
85,2025,2,491753.23,160.324,3.45,1659.33,7
85,2025,3,374324.48,116.017,3.32,1128.95,6
85,2025,4,571222.74,582.082,9.48,2046.48,15
85,2025,5,531856.54,267.15,6.42,1343.25,12
85,2025,6,532113.01,411.414,5.83,2351.66,13
85,2025,7,404422.94,137.471,3.58,1239.68,6
85,2025,8,537938.03,551.96,9.54,1866.7,19
85,2025,9,446946.42,186.228,4.71,1316.82,9
85,2025,10,694345.49,813.929,8.91,2947.89,18
85,2025,11,716809.44,501.787,6.92,2416.56,20
85,2025,12,720188.96,494.516,9.59,1663.65,15
86,2024,1,477065.31,230.338,4.98,1492.85,7
86,2024,2,438921.91,192.164,6.71,987.39,6
86,2024,3,559351.96,558.781,7.37,2446.73,13
86,2024,4,481125.75,216.865,7.6,951.57,5
86,2024,5,575370.71,532.692,5.18,3314.54,18
86,2024,6,594386.93,426.126,4.4,3227.04,14
86,2024,7,505578.37,281.271,7.89,1150.14,5
86,2024,8,511110.55,317.059,5.43,1883.86,11
86,2024,9,551551.12,406.902,7.54,1798.63,7
86,2024,10,488418.62,247.518,6.13,1302.77,10
86,2024,11,409305.07,151.094,7.92,636.31,5
86,2024,12,726717.6,1062.853,9.22,3718.79,17
86,2025,1,571986.34,179.794,4.52,1282.8,7
86,2025,2,550159.8,347.099,4.2,2948.41,21
86,2025,3,938053.22,1020.936,6.35,5187.78,21
86,2025,4,812687.91,414.507,4.68,2953.55,13
86,2025,5,695590.25,299.052,4.48,2154.16,12
86,2025,6,980057.78,936.641,9.04,3452.41,19
86,2025,7,794917.73,329.807,6.68,1593.57,8
86,2025,8,744944.7,605.596,6.43,3038.22,16
86,2025,9,670448.42,466.808,5.49,2832.09,20
86,2025,10,761980.45,577.72,8.16,2284.46,15
86,2025,11,462423.27,108.27,6.98,517.03,6
86,2025,12,389458.61,135.67,3.97,1103.28,5
87,2024,1,495812.67,231.998,7.1,1053.97,9
87,2024,2,523575.6,336.318,4.96,2340.05,13
87,2024,3,769087.21,758.599,9.64,2538.94,14
87,2024,4,645406.56,248.463,4.98,1663.66,8
87,2024,5,639984.44,381.801,9.6,1283.57,9
87,2024,6,576705.97,363.564,6.73,1801.14,9
87,2024,7,525830.83,282.355,9.81,928.11,5
87,2024,8,497292.3,131.468,4.1,1034.17,8
87,2024,9,677272.98,832.761,6.89,4026.91,21
87,2024,10,432461.71,75.788,3.14,779.69,8
87,2024,11,431596.85,399.213,8.28,1606.54,9
87,2024,12,798656.0,909.849,5.5,5332.16,21
87,2025,1,728371.59,437.393,7.5,1880.85,15
87,2025,2,876967.0,667.744,5.78,4128.31,17
87,2025,3,608723.41,145.461,4.13,1137.37,12
87,2025,4,707358.93,516.392,4.49,3837.77,15
87,2025,5,650848.68,358.893,7.06,1640.89,14
87,2025,6,594288.13,411.771,8.06,1702.64,15
87,2025,7,545430.38,301.853,8.65,1125.46,9
87,2025,8,587768.96,491.593,5.52,2870.66,12
87,2025,9,545424.21,354.424,3.22,3666.16,19
87,2025,10,649136.18,745.727,6.56,3665.5,20
87,2025,11,538683.82,238.727,7.47,1064.8,6
87,2025,12,510329.72,375.038,5.48,2206.05,9
88,2024,1,661489.85,617.982,9.68,2059.91,8
88,2024,2,501417.25,160.772,4.93,1125.6,6
88,2024,3,516245.53,374.096,9.43,1279.12,12
88,2024,4,384087.31,154.62,4.02,1281.23,13
88,2024,5,465896.93,374.598,7.72,1564.9,9
88,2024,6,457960.71,299.854,7.38,1354.81,15
88,2024,7,433254.25,296.676,3.53,2711.25,12
88,2024,8,465654.33,326.928,5.92,1780.21,9
88,2024,9,351312.1,148.488,7.78,636.47,6
88,2024,10,401168.06,311.503,3.44,2917.07,14
88,2024,11,637203.29,777.919,5.28,4908.6,21
88,2024,12,609310.5,471.322,8.07,1883.83,18
88,2025,1,578489.28,334.528,6.39,1687.95,10
88,2025,2,729214.63,601.093,6.79,3163.23,15
88,2025,3,572631.5,159.79,4.28,1204.53,8
88,2025,4,849617.23,829.267,9.87,2800.75,16
88,2025,5,658285.38,251.139,4.64,1745.61,9
88,2025,6,526891.15,137.359,3.5,1309.29,16
88,2025,7,513866.53,316.812,9.65,1059.25,5
88,2025,8,407343.22,204.557,4.57,1442.9,7
88,2025,9,594370.12,781.773,9.78,2664.29,12
88,2025,10,564612.55,308.325,3.17,3137.03,16
88,2025,11,575290.94,483.534,8.07,1997.56,15
88,2025,12,562913.24,412.848,9.04,1472.47,15
89,2024,1,489506.44,405.391,8.95,1461.45,9
89,2024,2,584465.34,420.039,9.0,1609.73,8
89,2024,3,672632.04,531.591,5.77,2971.33,12
89,2024,4,490314.32,169.147,8.84,637.57,5
89,2024,5,726968.67,684.698,9.47,2333.15,9
89,2024,6,1302545.6,1519.414,9.5,5333.93,21
89,2024,7,1163028.75,639.106,7.9,2608.4,14
89,2024,8,827634.67,108.85,3.19,1099.18,6
89,2024,9,759678.53,327.937,9.0,1214.82,15
89,2024,10,515797.94,142.993,6.14,751.82,7
89,2024,11,554613.5,487.844,5.68,2863.16,16
89,2024,12,458587.37,75.729,4.54,537.84,5
89,2025,1,380039.85,166.471,5.15,1042.89,8
89,2025,2,917811.04,1235.328,8.53,5173.26,21
89,2025,3,946377.53,812.476,8.59,3051.22,13
89,2025,4,702930.78,151.779,3.6,1403.94,11
89,2025,5,603764.92,305.733,6.37,1547.25,6
89,2025,6,689423.28,536.864,4.68,3822.38,17
89,2025,7,691914.31,397.259,5.64,2273.23,17
89,2025,8,620890.5,414.792,7.13,1877.09,20
89,2025,9,579035.97,391.839,6.57,1987.12,10
89,2025,10,801241.81,785.261,8.62,2937.14,15
89,2025,11,839268.6,571.944,3.93,4847.74,21
89,2025,12,658811.63,268.315,3.14,2755.34,20
90,2024,1,401711.07,68.496,4.71,468.84,5
90,2024,2,463354.27,404.247,5.04,2763.81,13
90,2024,3,830618.36,1009.068,7.85,4144.41,21
90,2024,4,821777.57,465.187,8.05,1925.89,9
90,2024,5,661590.17,190.95,7.6,810.22,8
90,2024,6,440854.27,134.106,6.62,675.52,6
90,2024,7,338018.23,163.19,4.5,1169.52,6
90,2024,8,441837.26,455.231,4.66,3152.89,13
90,2024,9,476953.38,473.598,7.26,2175.22,19
90,2024,10,383262.22,81.692,5.83,452.35,5
90,2024,11,392519.68,232.148,4.57,1693.13,8
90,2024,12,428943.01,272.246,6.09,1443.15,16
90,2025,1,405022.59,243.685,3.39,2319.94,12
90,2025,2,303348.69,79.329,3.04,932.81,11
90,2025,3,676080.45,866.827,6.74,4150.86,17
90,2025,4,731195.03,446.9,9.37,1590.39,18
90,2025,5,799544.48,505.504,4.57,3567.17,16
90,2025,6,674762.2,278.037,3.06,3027.95,13
90,2025,7,617962.65,338.088,7.16,1522.33,6
90,2025,8,650443.65,513.721,4.47,3706.9,19
90,2025,9,531965.48,187.921,3.25,1925.62,13
90,2025,10,480245.43,202.943,4.11,1593.57,11
90,2025,11,713742.62,794.704,6.63,3995.71,21
90,2025,12,598057.72,288.522,3.42,2721.74,16
91,2024,1,466147.92,400.225,4.16,3101.1,14
91,2024,2,393247.63,250.855,7.6,1138.71,5
91,2024,3,657931.31,705.779,9.03,2520.24,11
91,2024,4,538183.01,156.296,3.86,1350.23,11
91,2024,5,770176.47,662.641,8.24,2594.68,11
91,2024,6,729359.64,412.496,7.02,1957.79,8
91,2024,7,878132.95,774.388,8.78,2846.4,16
91,2024,8,1102662.84,1199.087,9.45,4094.55,20
91,2024,9,987159.94,551.164,7.19,2553.77,15
91,2024,10,999538.26,611.528,5.23,3770.34,17
91,2024,11,855066.41,481.149,4.77,3363.13,14
91,2024,12,772699.53,497.295,5.89,2723.51,15
91,2025,1,796777.19,508.49,7.16,2289.75,13
91,2025,2,750698.74,436.894,7.65,2039.23,8
91,2025,3,654436.77,270.195,7.77,1122.43,12
91,2025,4,684262.41,467.754,5.04,3093.82,13
91,2025,5,995751.91,1017.428,9.32,3520.72,17
91,2025,6,912379.23,510.399,5.16,3296.67,18
91,2025,7,926175.09,657.4,6.84,3099.42,16
91,2025,8,802478.06,404.915,6.41,2039.21,9
91,2025,9,651552.46,153.13,6.12,833.43,8
91,2025,10,609476.82,339.708,4.0,2738.45,17
91,2025,11,586689.33,454.011,7.34,2061.07,14
91,2025,12,419120.65,119.138,3.66,1050.49,5
92,2024,1,850544.4,1143.966,8.88,4154.15,20
92,2024,2,614149.2,70.066,3.08,783.53,6
92,2024,3,1325537.65,1451.151,8.82,5304.88,21
92,2024,4,957614.36,318.281,5.04,2104.13,15
92,2024,5,804661.29,355.75,6.13,1872.92,13
92,2024,6,665078.2,196.815,6.37,1030.5,7
92,2024,7,530254.6,192.676,5.13,1212.37,14
92,2024,8,429016.32,271.234,4.27,2050.26,8
92,2024,9,361656.74,65.379,4.13,527.44,6
92,2024,10,563181.08,669.256,8.55,2526.12,13
92,2024,11,502067.52,326.526,5.18,2100.08,16
92,2024,12,424249.29,212.413,9.48,722.8,7
92,2025,1,495038.33,376.554,8.26,1470.68,8
92,2025,2,959435.48,1117.006,9.59,4158.46,16
92,2025,3,738676.12,271.832,3.1,2824.48,16
92,2025,4,757657.66,479.184,7.45,2142.8,13
92,2025,5,504676.53,39.333,3.16,401.15,5
92,2025,6,547085.41,467.139,4.21,3697.68,16
92,2025,7,990995.44,1233.973,9.19,4333.49,17
92,2025,8,831296.13,342.109,7.01,1575.21,17
92,2025,9,601642.59,120.878,3.74,1077.51,9
92,2025,10,683484.89,761.678,8.6,2856.64,21
92,2025,11,564373.4,241.648,8.03,1003.53,9
92,2025,12,475135.62,205.464,3.93,1688.18,14
93,2024,1,591626.37,411.751,4.14,3210.27,14
93,2024,2,442118.93,185.294,4.05,1577.76,16
93,2024,3,371218.88,262.651,9.79,865.17,10
93,2024,4,873480.32,1029.813,8.4,4087.91,16
93,2024,5,766233.71,387.202,5.29,2361.95,18
93,2024,6,737138.94,389.87,5.61,2315.33,16
93,2024,7,599202.4,184.377,6.05,982.69,12
93,2024,8,583169.45,492.084,5.19,3060.52,19
93,2024,9,440146.72,127.827,4.14,1028.06,10
93,2024,10,369547.0,180.541,3.87,1506.16,6
93,2024,11,665959.67,804.053,8.91,3006.88,18
93,2024,12,545670.95,306.929,7.77,1274.35,6
93,2025,1,697928.61,744.125,5.25,4571.41,20
93,2025,2,515142.54,105.257,3.06,1228.75,5
93,2025,3,780527.9,810.604,9.28,2816.87,17
93,2025,4,730662.06,369.971,5.38,2291.88,16
93,2025,5,657749.09,320.453,4.03,2568.08,12
93,2025,6,543073.94,199.416,3.75,1770.58,10
93,2025,7,562147.02,360.564,4.03,2888.41,12
93,2025,8,630043.59,610.843,4.33,4554.86,19
93,2025,9,529936.62,340.907,4.88,2330.09,11
93,2025,10,407634.73,158.408,4.49,1138.38,6
93,2025,11,541009.65,511.276,5.44,3134.24,17
93,2025,12,392949.62,178.706,3.83,1504.47,6
94,2024,1,252023.23,259.471,7.78,1076.22,11
94,2024,2,702557.22,959.366,8.39,3945.0,20
94,2024,3,741556.1,557.9,6.58,2734.75,15
94,2024,4,599398.08,212.631,3.06,2312.47,16
94,2024,5,520800.31,222.215,6.94,1033.63,5
94,2024,6,523435.96,300.531,7.89,1269.79,14
94,2024,7,765662.61,788.34,8.18,3109.93,15
94,2024,8,573447.34,159.367,3.44,1493.18,16
94,2024,9,612955.65,414.5,4.93,2804.95,20
94,2024,10,602535.79,442.88,5.81,2459.99,17
94,2024,11,517133.22,197.476,5.2,1267.0,9
94,2024,12,392514.57,136.55,3.26,1350.1,9
94,2025,1,380590.12,236.316,5.21,1462.97,6
94,2025,2,671229.7,828.697,5.88,5037.44,21
94,2025,3,618197.26,381.945,3.47,3555.36,14
94,2025,4,716876.95,562.634,6.31,2971.28,19
94,2025,5,909223.42,798.834,8.96,2875.22,14
94,2025,6,692085.03,107.64,3.94,910.56,8
94,2025,7,898237.2,736.328,7.7,3085.09,12
94,2025,8,660574.63,171.72,4.4,1259.89,5
94,2025,9,503139.88,158.16,3.88,1358.59,8
94,2025,10,670577.38,782.505,5.43,4645.57,20
94,2025,11,666416.59,398.53,7.08,1875.87,12
94,2025,12,787789.21,685.167,6.84,3229.54,17
95,2024,1,366734.66,301.605,3.92,2478.93,12
95,2024,2,490785.33,371.325,9.99,1281.28,7
95,2024,3,679296.72,574.632,9.82,1887.65,11
95,2024,4,614680.85,239.365,4.57,1746.78,10
95,2024,5,512670.36,214.78,4.35,1592.0,13
95,2024,6,446228.98,200.368,8.92,749.07,5
95,2024,7,689605.78,721.439,7.23,3219.19,13
95,2024,8,702980.66,435.566,8.4,1671.85,8
95,2024,9,887662.4,840.548,8.87,3160.21,21
95,2024,10,934016.24,828.824,8.8,3038.45,21
95,2024,11,849502.63,363.509,6.3,1922.88,9
95,2024,12,932077.53,665.58,7.72,2781.49,14
95,2025,1,752342.69,386.469,7.76,1607.06,14
95,2025,2,811399.51,527.497,6.05,3116.24,14
95,2025,3,558081.22,146.787,3.78,1252.79,15
95,2025,4,560142.81,366.817,6.96,1757.18,8
95,2025,5,667621.39,642.278,7.3,2838.14,14
95,2025,6,594561.49,168.201,5.16,1087.08,5
95,2025,7,681206.34,470.78,7.78,1951.37,17
95,2025,8,622189.63,297.599,7.53,1275.44,7
95,2025,9,796015.44,752.39,8.63,2904.54,12
95,2025,10,677733.76,413.781,7.09,1881.8,11
95,2025,11,664119.1,528.219,6.55,2689.21,21
95,2025,12,710369.91,444.161,5.17,2772.56,16
96,2024,1,407139.57,575.751,4.2,4421.47,21
96,2024,2,308638.97,135.288,7.32,637.65,5
96,2024,3,458559.47,530.004,7.28,2349.82,15
96,2024,4,554298.82,456.719,6.46,2356.43,18
96,2024,5,575408.42,406.896,5.95,2207.11,9
96,2024,6,987432.6,1135.284,7.33,5161.62,20
96,2024,7,760327.11,156.994,3.33,1521.36,16
96,2024,8,1014781.96,1211.667,8.53,4581.89,19
96,2024,9,807417.67,310.057,4.22,2448.27,14
96,2024,10,1031374.56,1086.824,7.63,4593.25,18
96,2024,11,987883.62,682.161,5.69,3998.21,17
96,2024,12,732664.16,163.409,4.65,1133.42,9
96,2025,1,619189.3,260.71,3.47,2425.29,16
96,2025,2,766028.58,569.574,9.27,2193.67,19
96,2025,3,684609.34,323.199,4.83,2158.52,11
96,2025,4,735165.1,497.187,9.95,1664.88,18
96,2025,5,993715.06,755.872,6.07,4016.25,16
96,2025,6,870839.33,402.273,7.87,1703.38,12
96,2025,7,630592.22,93.061,4.2,715.22,8
96,2025,8,637170.81,522.124,7.09,2376.98,11
96,2025,9,685002.11,637.05,8.48,2504.43,14
96,2025,10,683659.42,575.4,4.2,4418.11,18
96,2025,11,768944.16,634.252,9.35,2262.29,9
96,2025,12,840459.1,717.786,9.27,2497.04,15
97,2024,1,425232.05,251.271,7.87,1030.01,6
97,2024,2,379455.52,149.136,4.1,1254.45,6
97,2024,3,478842.48,416.882,9.7,1386.66,8
97,2024,4,603824.17,494.359,8.41,1959.29,18
97,2024,5,543700.51,290.344,6.89,1358.43,9
97,2024,6,575357.9,473.012,9.5,1660.19,14
97,2024,7,483508.87,230.013,3.51,2113.01,14
97,2024,8,639492.08,577.661,6.63,2810.53,20
97,2024,9,612491.33,319.128,4.22,2520.22,16
97,2024,10,769982.41,805.865,6.98,3722.95,15
97,2024,11,825826.49,580.589,7.74,2499.57,11
97,2024,12,631644.17,156.326,3.61,1397.65,11
97,2025,1,636269.03,337.537,6.02,1809.3,11
97,2025,2,594428.18,368.668,3.97,3314.61,13
97,2025,3,512971.72,284.049,6.0,1527.49,8
97,2025,4,534768.61,412.137,6.31,2178.03,18
97,2025,5,670089.86,490.556,9.12,1734.85,8
97,2025,6,590974.42,290.169,5.61,1723.03,17
97,2025,7,572775.65,331.601,4.36,2452.75,21
97,2025,8,632079.32,583.475,5.65,3332.61,18
97,2025,9,681885.97,549.325,6.4,2859.66,13
97,2025,10,797145.77,776.028,6.48,3865.24,21
97,2025,11,886188.69,865.019,7.25,3976.64,17
97,2025,12,782396.49,357.337,7.44,1549.13,6
98,2024,1,495196.48,171.604,5.17,1071.61,6
98,2024,2,1057111.19,1264.07,9.84,4430.04,20
98,2024,3,1033136.08,683.441,4.86,4538.74,20
98,2024,4,976346.2,543.868,8.72,2079.96,13
98,2024,5,1223157.86,1007.05,8.32,3906.71,19
98,2024,6,923826.61,221.691,7.91,933.89,9
98,2024,7,739006.75,362.046,5.06,2305.95,12
98,2024,8,519249.78,106.752,4.37,787.73,8
98,2024,9,491775.52,316.901,7.02,1504.77,6
98,2024,10,451636.93,308.091,6.0,1657.1,17
98,2024,11,661555.19,715.56,7.89,3024.94,13
98,2024,12,889672.53,842.211,6.36,4269.44,18
98,2025,1,830053.55,437.536,3.78,3735.78,17
98,2025,2,812072.98,476.27,8.93,1904.82,8
98,2025,3,690016.71,238.851,4.27,1804.83,9
98,2025,4,642414.16,282.723,7.52,1253.39,7
98,2025,5,669328.77,422.613,4.23,3221.48,19
98,2025,6,693644.53,516.127,8.37,2056.47,12
98,2025,7,449147.96,65.492,3.24,651.45,5
98,2025,8,534030.36,453.093,8.04,1818.14,7
98,2025,9,451356.92,118.287,3.25,1214.32,7
98,2025,10,510812.47,489.542,6.24,2528.99,20
98,2025,11,458836.01,213.007,9.59,740.56,5
98,2025,12,861086.38,1007.582,8.41,3864.76,17
99,2024,1,543871.89,314.824,5.19,1956.66,18
99,2024,2,543957.46,293.358,7.51,1346.37,12
99,2024,3,956870.49,1212.787,9.3,4205.2,17
99,2024,4,867621.9,405.441,8.76,1542.22,13
99,2024,5,929096.43,587.542,8.61,2202.54,14
99,2024,6,711013.65,216.294,5.96,1209.71,9
99,2024,7,609742.76,282.133,6.34,1436.44,6
99,2024,8,608071.65,373.16,7.35,1636.97,10
99,2024,9,477892.84,171.465,3.21,1779.66,17
99,2024,10,738149.01,796.674,6.66,3857.85,17
99,2024,11,552175.11,191.823,5.15,1242.78,11
99,2024,12,477207.84,202.558,4.75,1376.53,14
99,2025,1,490947.03,318.103,5.04,2037.29,11
99,2025,2,616033.47,557.225,5.72,3477.9,14
99,2025,3,418324.3,53.328,3.5,491.3,5
99,2025,4,502573.75,336.229,5.49,2043.2,16
99,2025,5,388815.84,169.922,4.97,1101.85,7
99,2025,6,412521.65,305.255,7.28,1398.0,8
99,2025,7,504507.33,395.092,7.79,1635.85,12
99,2025,8,382085.24,175.777,7.98,710.51,5
99,2025,9,411133.11,247.141,4.71,1749.19,9
99,2025,10,733458.81,1077.712,7.95,4374.86,18
99,2025,11,622071.14,345.51,5.94,1937.72,12
99,2025,12,674998.37,477.479,4.91,3136.59,13
100,2024,1,414992.26,272.053,8.34,1052.69,7
100,2024,2,443269.92,327.484,4.87,2317.24,13
100,2024,3,472579.66,391.256,6.18,2041.33,8
100,2024,4,621084.36,608.013,9.97,2032.94,16
100,2024,5,762793.71,662.346,8.46,2526.64,18
100,2024,6,811891.22,433.325,4.61,3134.29,13
100,2024,7,597524.07,99.415,5.04,636.11,7
100,2024,8,612879.56,434.01,7.78,1798.42,11
100,2024,9,424556.73,94.075,3.73,840.98,10
100,2024,10,526159.66,509.584,6.34,2593.14,17
100,2024,11,558159.81,372.409,8.67,1432.4,17
100,2024,12,739009.58,705.863,7.6,2996.37,16
100,2025,1,622247.26,249.065,7.32,1097.66,7
100,2025,2,881659.53,778.356,7.57,3672.12,21
100,2025,3,838052.36,434.544,6.9,2030.14,18
100,2025,4,696270.53,208.72,4.8,1447.94,10
100,2025,5,567407.94,107.896,3.87,900.15,6
100,2025,6,695616.62,543.794,9.43,1921.9,13
100,2025,7,1077048.84,1007.237,9.56,3398.46,21
100,2025,8,965205.29,571.562,6.24,2956.22,13
100,2025,9,1086753.79,760.232,8.3,3054.24,21
100,2025,10,1246806.29,1069.719,6.89,5011.63,20
100,2025,11,994770.91,332.471,9.74,1137.55,10
100,2025,12,767591.62,169.661,6.59,830.15,8
101,2024,1,395544.42,348.587,9.39,1197.53,5
101,2024,2,432024.31,325.639,6.16,1823.59,14
101,2024,3,495772.24,428.204,4.9,2816.21,20
101,2024,4,446807.67,397.737,4.55,2912.88,14
101,2024,5,589533.58,517.73,8.01,2086.19,11
101,2024,6,1020570.6,1226.853,8.8,4649.39,20
101,2024,7,814248.39,325.504,8.62,1218.14,5
101,2024,8,955205.58,904.611,8.2,3560.79,14
101,2024,9,932894.79,544.083,9.19,1973.84,14
101,2024,10,854322.29,499.49,5.02,3209.93,16
101,2024,11,670659.72,289.713,3.95,2442.11,16
101,2024,12,985900.72,975.927,9.76,3226.99,13
101,2025,1,869311.18,364.598,8.78,1338.81,16
101,2025,2,763630.25,341.117,4.84,2515.95,17
101,2025,3,703584.4,350.993,6.63,1707.93,7
101,2025,4,1093462.09,1292.984,9.75,4419.27,19
101,2025,5,918726.24,305.063,8.63,1139.83,6
101,2025,6,736794.02,188.914,4.77,1319.0,9
101,2025,7,619465.2,201.197,5.22,1243.09,8
101,2025,8,706299.57,709.585,9.55,2396.5,19
101,2025,9,513831.33,162.874,4.97,1093.02,9
101,2025,10,628804.14,631.682,6.02,3384.23,14
101,2025,11,601042.14,469.431,9.1,1718.94,17
101,2025,12,602082.98,318.696,3.58,2871.56,21
102,2024,1,447626.79,219.829,4.35,1628.52,8
102,2024,2,811157.55,978.984,8.12,4156.18,16
102,2024,3,697572.82,311.239,4.66,2153.94,12
102,2024,4,645598.98,343.377,3.36,3403.37,15
102,2024,5,703723.36,532.573,3.66,4692.73,20
102,2024,6,700491.78,357.844,4.21,2833.86,12
102,2024,7,666387.4,461.493,5.7,2612.18,18
102,2024,8,661116.41,440.387,7.56,1878.14,12
102,2024,9,830754.63,773.066,7.68,3354.4,21
102,2024,10,689897.15,243.559,3.54,2219.21,11
102,2024,11,463311.77,90.62,3.59,840.78,7
102,2024,12,400444.6,190.691,4.27,1439.72,11
102,2025,1,532942.25,544.828,9.34,1880.88,8
102,2025,2,566400.03,392.414,5.05,2776.77,20
102,2025,3,606918.75,413.221,3.86,3449.63,17
102,2025,4,537541.58,170.569,3.98,1430.25,7
102,2025,5,473297.55,198.643,3.25,1973.08,17
102,2025,6,428114.96,280.594,4.86,1925.55,17
102,2025,7,642889.7,675.119,8.79,2476.61,10
102,2025,8,720155.3,539.875,8.09,2151.54,9
102,2025,9,791351.99,654.004,9.7,2248.26,10
102,2025,10,883288.31,652.598,7.91,2661.71,17
102,2025,11,668411.46,146.377,7.33,665.31,8
102,2025,12,620157.62,360.101,9.58,1212.5,8
103,2024,1,534647.89,616.92,7.15,2785.2,14
103,2024,2,427403.83,60.964,4.22,498.01,6
103,2024,3,490705.45,483.73,7.68,2032.49,20
103,2024,4,485778.38,365.459,6.56,1857.34,17
103,2024,5,901947.67,1046.09,8.42,4009.19,21
103,2024,6,637283.86,82.63,3.64,756.49,7
103,2024,7,628473.38,454.935,5.6,2620.37,12
103,2024,8,518549.25,246.726,3.68,2165.32,13
103,2024,9,685719.31,944.45,8.23,3825.44,19
103,2024,10,685221.46,415.501,8.78,1526.53,17
103,2024,11,929379.71,1061.392,8.18,4325.68,20
103,2024,12,699228.62,227.765,6.5,1129.68,12
103,2025,1,545447.3,171.236,6.43,858.44,7
103,2025,2,552219.79,464.246,8.46,1959.02,12
103,2025,3,519630.06,203.507,4.61,1425.45,16
103,2025,4,538569.28,347.015,6.92,1670.48,13
103,2025,5,370376.77,55.905,3.96,455.78,5
103,2025,6,304843.04,103.232,4.3,800.46,9
103,2025,7,237939.79,87.039,3.44,816.75,7
103,2025,8,371125.23,391.584,5.85,2158.48,21
103,2025,9,349863.45,162.765,3.54,1532.75,9
103,2025,10,794267.55,1120.286,9.52,3795.73,15
103,2025,11,670978.47,180.34,4.14,1450.31,10
103,2025,12,1021940.84,1112.317,8.1,4427.06,19
104,2024,1,720019.47,698.593,9.71,2319.84,9
104,2024,2,674165.14,334.163,4.82,2391.49,13
104,2024,3,595785.67,268.942,7.1,1221.37,8
104,2024,4,449350.65,108.109,4.56,790.91,8
104,2024,5,381049.11,168.701,5.46,996.73,8
104,2024,6,496225.62,455.9,4.05,3756.22,16
104,2024,7,817119.11,899.763,9.73,2982.15,13
104,2024,8,602519.99,141.279,5.91,771.76,5
104,2024,9,522071.11,228.552,6.55,1162.44,7
104,2024,10,382276.79,166.008,5.28,1013.55,9
104,2024,11,476270.12,411.911,3.4,4037.47,19
104,2024,12,402676.42,214.2,5.93,1165.47,13
104,2025,1,355749.89,111.37,6.63,541.76,5
104,2025,2,385705.85,292.822,8.78,1191.52,12
104,2025,3,469248.99,396.237,9.46,1350.69,7
104,2025,4,588176.31,504.942,8.69,1936.73,10
104,2025,5,629519.07,485.12,3.44,4550.67,18
104,2025,6,519428.28,202.228,7.18,938.96,7
104,2025,7,560355.06,441.284,6.73,2113.75,13
104,2025,8,471161.42,207.303,7.94,841.9,8
104,2025,9,586390.1,653.32,7.92,2750.36,17
104,2025,10,658332.45,556.396,8.87,2023.61,10
104,2025,11,666726.82,512.525,7.01,2437.44,11
104,2025,12,786005.83,733.657,5.91,4002.17,21
105,2024,1,301336.16,70.859,3.53,647.62,6
105,2024,2,479563.13,479.22,8.25,2003.88,8
105,2024,3,871795.25,1121.354,8.05,4492.29,18
105,2024,4,644243.75,194.398,3.54,1830.2,18
105,2024,5,680820.03,532.777,9.21,1866.93,20
105,2024,6,678779.41,393.595,8.93,1468.53,7
105,2024,7,712325.62,410.504,8.29,1598.0,13
105,2024,8,557926.2,195.367,4.87,1292.87,10
105,2024,9,561459.88,414.685,4.79,2884.87,13
105,2024,10,511868.21,347.733,9.72,1153.72,5
105,2024,11,392752.08,172.056,4.56,1257.52,15
105,2024,12,393576.09,275.139,6.45,1376.21,17
105,2025,1,693569.8,898.119,8.14,3558.98,15
105,2025,2,667198.17,474.467,8.3,2041.74,9
105,2025,3,537095.78,178.486,3.38,1704.73,18
105,2025,4,497635.48,301.776,8.59,1171.43,5
105,2025,5,474100.35,300.386,7.89,1227.69,12
105,2025,6,885065.98,1030.681,9.09,3777.75,15
105,2025,7,617941.36,168.124,3.2,1696.27,20
105,2025,8,442029.06,84.148,3.11,872.37,6
105,2025,9,442679.9,414.466,6.64,2080.72,12
105,2025,10,490181.03,417.342,5.11,2633.54,11
105,2025,11,555414.34,397.01,4.9,2701.25,20
105,2025,12,492865.19,292.322,4.86,1940.81,19
106,2024,1,387316.31,396.136,5.83,2190.62,12
106,2024,2,344144.14,178.497,9.29,662.59,8
106,2024,3,459142.61,391.511,7.22,1750.16,8
106,2024,4,431266.97,374.305,8.09,1542.06,17
106,2024,5,492093.04,376.537,8.53,1424.14,13
106,2024,6,486225.98,207.909,6.0,1155.99,13
106,2024,7,584625.14,563.811,5.43,3349.16,18
106,2024,8,591499.69,465.566,9.02,1664.84,16
106,2024,9,661796.15,418.766,4.43,3152.01,20
106,2024,10,867578.71,828.237,8.94,2987.82,16
106,2024,11,704928.97,233.36,6.02,1291.32,12
106,2024,12,547454.05,283.043,7.15,1276.6,8
106,2025,1,841001.07,1103.797,8.64,4119.98,17
106,2025,2,672557.68,255.837,7.65,1194.28,10
106,2025,3,716852.25,517.592,5.68,2939.91,21
106,2025,4,692384.82,506.498,4.52,3735.65,17
106,2025,5,815336.32,636.747,9.31,2206.9,18
106,2025,6,691108.2,263.649,5.66,1551.43,12
106,2025,7,656809.24,505.678,3.89,4190.22,18
106,2025,8,475060.8,78.788,3.71,685.43,6
106,2025,9,394168.98,154.831,3.55,1452.13,18
106,2025,10,430687.85,368.317,9.0,1319.76,6
106,2025,11,404033.53,184.553,4.67,1316.05,10
106,2025,12,404944.96,283.353,7.72,1184.41,7
107,2024,1,562580.12,689.655,7.7,2890.16,21
107,2024,2,523873.65,294.327,3.99,2543.53,21
107,2024,3,575010.59,423.101,9.38,1454.39,7
107,2024,4,530589.4,295.508,5.84,1687.9,18
107,2024,5,491702.25,249.849,5.45,1479.44,8
107,2024,6,435086.67,250.456,6.69,1247.58,8
107,2024,7,592573.58,560.142,5.34,3382.23,18
107,2024,8,656820.29,539.702,8.4,2071.53,8
107,2024,9,898815.4,907.477,7.59,3986.53,19
107,2024,10,790657.63,424.975,7.69,1783.46,11
107,2024,11,550691.69,140.173,3.04,1538.6,7
107,2024,12,687503.51,660.296,6.55,3252.22,13
107,2025,1,1255899.01,1497.182,9.74,4960.4,21
107,2025,2,936545.02,189.941,4.88,1389.87,12
107,2025,3,866925.25,467.728,4.4,3429.29,16
107,2025,4,839786.99,452.92,8.12,1858.23,8
107,2025,5,748774.08,394.304,8.47,1501.7,10
107,2025,6,686169.08,327.478,5.99,1823.1,18
107,2025,7,687124.65,446.407,7.3,1973.01,10
107,2025,8,691043.23,474.189,8.9,1718.93,12
107,2025,9,714543.4,654.465,9.88,2207.16,12
107,2025,10,664083.96,506.958,5.15,3173.17,17
107,2025,11,807585.87,776.136,7.9,3274.32,16
107,2025,12,739859.48,536.426,9.75,1774.67,12
108,2024,1,851940.16,866.044,7.06,3959.63,19
108,2024,2,698164.17,248.63,5.89,1455.1,11
108,2024,3,627341.97,245.037,8.32,950.6,7
108,2024,4,585389.84,280.937,6.97,1343.36,7
108,2024,5,535033.47,247.526,5.1,1566.13,11
108,2024,6,514719.17,362.865,3.48,3470.79,21
108,2024,7,658194.32,621.559,8.28,2420.94,13
108,2024,8,512312.94,180.091,6.55,887.24,6
108,2024,9,399250.2,99.329,3.01,1099.63,13
108,2024,10,392568.39,206.05,3.31,2005.99,8
108,2024,11,278260.66,89.404,3.06,974.86,5
108,2024,12,430808.7,469.348,4.32,3505.86,16
108,2025,1,618907.66,558.624,7.68,2345.08,21
108,2025,2,540907.98,263.647,4.17,2260.25,16
108,2025,3,944521.97,1047.308,8.18,4129.77,20
108,2025,4,809795.6,415.516,6.63,2089.4,11
108,2025,5,988167.88,678.361,9.53,2295.54,14
108,2025,6,1165881.03,994.93,7.51,4418.06,21
108,2025,7,1180074.03,761.449,5.28,4655.63,21
108,2025,8,986572.04,381.681,5.0,2462.37,12
108,2025,9,774337.44,224.319,3.89,1923.46,20
108,2025,10,609307.9,216.543,4.87,1434.76,9
108,2025,11,611738.07,362.612,3.11,3885.87,20
108,2025,12,865863.58,812.556,6.74,3886.98,20
109,2024,1,407647.4,117.966,3.41,1116.84,10
109,2024,2,567690.46,509.638,9.25,1900.5,13
109,2024,3,815894.32,727.966,7.32,3208.2,18
109,2024,4,898175.99,551.205,8.86,2073.34,8
109,2024,5,884653.48,641.038,8.49,2435.51,17
109,2024,6,725707.44,265.268,7.26,1217.51,14
109,2024,7,726726.74,587.535,8.55,2217.56,15
109,2024,8,789330.75,551.536,7.14,2491.29,13
109,2024,9,671377.23,331.897,5.79,1912.25,14
109,2024,10,659292.61,447.803,3.08,4688.52,21
109,2024,11,486026.25,216.824,3.23,2236.71,10
109,2024,12,535081.21,333.056,5.68,1890.66,15
109,2025,1,516199.05,399.419,4.96,2596.42,16
109,2025,2,596612.21,558.297,8.69,2294.54,12
109,2025,3,701354.05,682.563,9.44,2332.39,10
109,2025,4,1195016.09,1166.114,8.56,4539.0,20
109,2025,5,1213288.21,731.157,7.89,2988.68,14
109,2025,6,876303.57,224.054,5.44,1372.03,12
109,2025,7,1034096.66,850.452,8.52,3220.08,14
109,2025,8,1163988.13,943.406,9.21,3304.49,17
109,2025,9,1075040.83,664.83,8.06,2748.47,19
109,2025,10,868734.23,378.598,4.72,2586.7,21
109,2025,11,751638.31,346.656,6.66,1734.15,11
109,2025,12,552950.34,124.113,3.58,1118.39,7
110,2024,1,523125.8,374.041,8.36,1443.04,14
110,2024,2,574279.63,457.146,8.28,1904.63,17
110,2024,3,624838.32,362.625,5.07,2306.8,11
110,2024,4,549041.35,181.124,4.59,1316.68,6
110,2024,5,401677.86,80.642,3.52,739.53,6
110,2024,6,446343.21,285.37,6.62,1436.93,6
110,2024,7,311081.08,88.751,5.1,560.86,5
110,2024,8,465338.52,473.203,7.67,1990.79,8
110,2024,9,408915.28,227.057,4.01,1887.72,13
110,2024,10,664531.25,786.539,8.74,2904.6,19
110,2024,11,619424.43,418.136,9.94,1402.65,15
110,2024,12,579399.94,390.694,9.36,1347.11,11
110,2025,1,564998.73,410.883,9.26,1432.02,16
110,2025,2,714095.56,527.178,9.99,1884.14,21
110,2025,3,732373.59,494.746,6.15,2596.4,20
110,2025,4,655304.95,346.831,7.29,1585.01,8
110,2025,5,618437.47,325.818,4.36,2409.02,14
110,2025,6,500968.69,168.818,5.23,1076.23,10
110,2025,7,563069.63,458.719,7.05,2100.33,10
110,2025,8,512821.99,360.27,3.37,3445.55,14
110,2025,9,518078.38,363.039,6.77,1786.24,12
110,2025,10,406675.0,177.436,3.63,1578.51,15
110,2025,11,592733.76,689.757,9.36,2456.15,17
110,2025,12,591360.82,357.658,8.16,1413.58,14
111,2024,1,353805.83,266.751,9.75,882.41,8
111,2024,2,377710.41,295.57,4.1,2483.36,12
111,2024,3,398001.29,241.322,6.01,1295.44,5
111,2024,4,599329.52,589.277,9.31,2108.98,14
111,2024,5,575193.18,310.658,8.37,1197.54,5
111,2024,6,615958.77,326.47,7.3,1490.25,16
111,2024,7,629506.74,452.92,6.47,2258.64,15
111,2024,8,552041.8,254.852,9.06,907.49,9
111,2024,9,705633.41,703.545,7.2,3255.19,21
111,2024,10,597436.17,284.815,3.72,2467.47,12
111,2024,11,693683.74,691.441,8.14,2831.35,18
111,2024,12,607925.77,285.351,5.67,1622.46,12
111,2025,1,674550.19,522.99,8.01,2106.13,14
111,2025,2,755775.89,634.732,8.73,2595.97,10
111,2025,3,994330.04,922.321,6.61,4499.78,19
111,2025,4,838227.47,366.792,9.09,1344.8,6
111,2025,5,936684.41,710.766,8.35,2744.57,12
111,2025,6,888327.29,485.471,4.06,3983.52,17
111,2025,7,678293.1,178.391,4.38,1314.06,6
111,2025,8,847313.37,719.984,8.74,2657.35,11
111,2025,9,882493.67,836.409,8.01,3482.07,15
111,2025,10,583553.46,115.687,7.4,504.33,6
111,2025,11,463607.73,142.216,6.26,756.79,8
111,2025,12,421584.91,234.626,6.63,1141.53,6
112,2024,1,396103.78,210.75,6.08,1118.92,8
112,2024,2,558905.44,463.9,5.13,3118.95,21
112,2024,3,461049.67,170.751,5.73,961.27,5
112,2024,4,401131.46,182.717,3.81,1598.08,15
112,2024,5,422608.03,306.443,4.74,2084.11,14
112,2024,6,344621.95,153.413,6.76,756.7,6
112,2024,7,496457.0,503.856,9.35,1737.71,9
112,2024,8,522678.78,429.719,5.29,2619.56,17
112,2024,9,512554.33,354.343,7.72,1529.43,17
112,2024,10,432895.28,310.09,6.0,1667.45,18
112,2024,11,686631.57,749.109,6.61,3777.21,18
112,2024,12,539050.21,207.877,4.56,1471.11,16
112,2025,1,610976.75,420.608,6.5,2086.92,11
112,2025,2,675536.57,468.269,9.42,1775.15,19
112,2025,3,1130492.66,1055.213,8.36,4072.92,16
112,2025,4,1020745.37,407.565,8.76,1551.2,9
112,2025,5,913696.48,426.852,6.7,2055.83,10
112,2025,6,761218.65,333.282,8.32,1334.96,13
112,2025,7,607362.05,232.967,3.03,2480.63,12
112,2025,8,718970.73,604.315,6.28,3103.36,20
112,2025,9,555737.21,213.021,6.55,1083.95,11
112,2025,10,577206.14,506.491,9.09,1798.33,17
112,2025,11,513755.3,272.891,6.12,1486.79,7
112,2025,12,438652.0,289.545,7.6,1229.55,7
113,2024,1,610378.25,369.854,4.41,2703.3,14
113,2024,2,581636.49,349.52,5.37,2242.51,9
113,2024,3,694055.81,636.325,7.59,2705.16,14
113,2024,4,464145.69,112.193,4.02,931.32,8
113,2024,5,756616.76,803.733,7.68,3376.17,21
113,2024,6,1005024.84,995.598,7.59,4373.08,19
113,2024,7,911049.05,428.147,6.38,2163.9,19
113,2024,8,854430.66,629.094,6.73,3014.46,13
113,2024,9,667537.8,224.647,3.73,2009.72,13
113,2024,10,573220.42,297.785,7.11,1350.14,12
113,2024,11,648779.68,489.733,7.48,2183.09,17
113,2024,12,544349.22,266.986,6.43,1340.22,14
113,2025,1,643639.77,619.953,6.14,3258.21,17
113,2025,2,928363.45,976.018,8.6,4052.8,17
113,2025,3,863875.19,424.114,4.64,2951.1,12
113,2025,4,679300.29,251.304,7.34,1141.79,7
113,2025,5,724376.64,468.048,9.45,1597.52,13
113,2025,6,755701.85,442.922,4.2,3512.96,20
113,2025,7,620577.71,274.663,4.49,1971.78,8
113,2025,8,695195.22,650.607,4.34,4837.93,20
113,2025,9,561264.29,194.109,3.54,1826.52,16
113,2025,10,499713.33,264.664,8.48,1006.45,8
113,2025,11,596106.34,648.974,5.67,3814.39,21
113,2025,12,659080.34,551.696,8.27,2151.5,10
114,2024,1,465415.34,129.848,5.63,743.52,8
114,2024,2,413056.51,208.355,7.7,932.81,5
114,2024,3,603251.5,560.018,8.08,2234.58,9
114,2024,4,678098.84,463.869,7.14,2164.97,11
114,2024,5,1062617.66,979.681,7.41,4264.11,17
114,2024,6,859697.32,360.347,7.46,1609.41,20
114,2024,7,654740.79,191.055,3.08,2003.56,12
114,2024,8,762135.34,563.659,9.23,1971.01,10
114,2024,9,594647.63,132.852,3.79,1167.79,5
114,2024,10,450075.66,175.105,3.68,1536.37,9
114,2024,11,746044.83,1042.021,7.5,4633.59,20
114,2024,12,591723.54,256.446,4.14,1997.71,12
114,2025,1,555148.49,321.037,4.95,2091.9,13
114,2025,2,786854.31,699.343,6.7,3729.74,18
114,2025,3,661718.88,278.914,8.66,1039.33,10
114,2025,4,692427.53,453.012,8.9,1696.44,18
114,2025,5,506232.11,155.997,4.49,1120.52,9
114,2025,6,383128.16,69.039,3.23,713.39,6
114,2025,7,598043.48,607.04,9.76,2005.83,11
114,2025,8,635438.0,349.423,3.59,3140.51,16
114,2025,9,595484.19,408.999,6.06,2248.82,20
114,2025,10,433952.85,190.619,4.8,1280.36,16
114,2025,11,650359.84,820.24,6.19,4417.77,18
114,2025,12,600353.83,452.086,8.15,1788.77,15
115,2024,1,454418.01,152.091,7.93,618.7,7
115,2024,2,424181.12,249.62,3.03,2839.73,14
115,2024,3,438460.54,306.678,8.23,1201.74,7
115,2024,4,425309.12,209.237,4.42,1578.54,16
115,2024,5,490393.44,380.289,7.66,1600.95,13
115,2024,6,489554.67,373.687,7.59,1640.83,20
115,2024,7,550021.34,403.442,6.3,2066.04,14
115,2024,8,553600.88,390.172,6.79,1852.45,14
115,2024,9,414271.89,154.214,3.58,1435.51,8
115,2024,10,582833.56,599.495,8.94,2164.28,10
115,2024,11,615607.22,476.664,5.64,2818.35,16
115,2024,12,600231.78,497.239,5.87,2734.52,11
115,2025,1,497708.11,305.368,4.88,2017.35,16
115,2025,2,595132.7,570.75,5.45,3738.36,15
115,2025,3,924653.12,900.067,6.25,4647.68,18
115,2025,4,770903.27,275.102,4.75,1932.31,10
115,2025,5,856887.98,668.559,4.95,4356.73,17
115,2025,6,729886.47,291.646,7.22,1345.66,12
115,2025,7,539418.4,106.181,6.29,544.39,6
115,2025,8,689273.28,550.734,9.1,1952.52,10
115,2025,9,1005606.59,1185.81,9.7,4075.72,19
115,2025,10,990822.75,572.074,8.16,2260.19,15
115,2025,11,903483.95,522.24,8.28,2101.27,18
115,2025,12,762843.32,264.662,8.94,955.39,7
116,2024,1,464794.12,489.578,8.56,1844.89,17
116,2024,2,653632.78,594.522,9.89,2073.52,16
116,2024,3,778049.43,604.622,9.58,2036.35,11
116,2024,4,696628.73,347.079,4.97,2326.82,18
116,2024,5,855243.71,757.8,6.08,4023.8,16
116,2024,6,716238.13,354.607,8.51,1389.14,17
116,2024,7,663398.77,423.545,5.27,2594.3,15
116,2024,8,642139.66,413.038,3.95,3375.17,14
116,2024,9,671979.1,545.647,8.33,2184.62,21
116,2024,10,562499.67,300.675,6.31,1538.25,12
116,2024,11,589704.71,452.329,9.67,1558.88,13
116,2024,12,700079.49,590.199,4.39,4332.01,21
116,2025,1,767447.79,666.043,9.24,2324.86,15
116,2025,2,691124.27,342.239,7.25,1686.19,16
116,2025,3,598549.38,341.215,4.63,2376.19,12
116,2025,4,385819.95,79.938,3.24,821.24,6
116,2025,5,372861.05,235.719,5.08,1498.26,7
116,2025,6,464358.01,339.481,7.03,1610.55,12
116,2025,7,797715.7,876.05,7.84,3603.62,16
116,2025,8,758111.3,482.161,6.75,2303.4,13
116,2025,9,698267.72,471.338,8.8,1785.41,12
116,2025,10,570346.83,336.747,4.78,2274.07,16
116,2025,11,557665.21,399.625,4.07,3275.22,19
116,2025,12,641607.43,608.477,5.79,3391.34,16
117,2024,1,411050.74,465.095,3.67,4082.61,16
117,2024,2,352435.05,175.023,6.05,997.15,5
117,2024,3,565017.43,485.017,9.02,1734.15,14
117,2024,4,476828.48,236.227,9.61,819.02,6
117,2024,5,446977.53,274.33,4.44,1993.33,18
117,2024,6,530966.19,506.261,8.96,1884.22,20
117,2024,7,447087.72,207.377,3.92,1708.46,7
117,2024,8,612369.99,657.785,8.59,2471.47,10
117,2024,9,673642.7,520.322,8.72,1988.68,13
117,2024,10,650118.21,443.286,6.21,2304.5,11
117,2024,11,584603.89,334.57,3.94,2827.75,15
117,2024,12,454588.71,203.396,3.2,2051.74,10
117,2025,1,491118.39,306.464,6.28,1573.27,19
117,2025,2,602981.79,421.5,7.09,2123.4,10
117,2025,3,888925.03,817.479,8.46,3117.92,15
117,2025,4,712775.04,239.419,4.04,1977.03,10
117,2025,5,991735.59,1040.62,9.12,3680.53,19
117,2025,6,860876.82,444.981,9.53,1556.96,8
117,2025,7,776440.72,407.705,4.51,2916.56,15
117,2025,8,645698.67,274.83,5.05,1755.31,7
117,2025,9,556345.7,204.617,4.45,1533.62,12
117,2025,10,447292.26,181.904,5.05,1161.04,5
117,2025,11,706126.95,713.655,7.6,3130.71,16
117,2025,12,561425.48,165.984,8.2,652.86,6
118,2024,1,339203.96,115.016,4.9,757.52,7
118,2024,2,339398.68,124.47,6.51,659.49,5
118,2024,3,296250.72,174.739,4.56,1236.81,5
118,2024,4,464438.57,444.23,8.58,1726.06,11
118,2024,5,564677.9,508.383,4.02,4079.12,16
118,2024,6,512568.83,322.361,3.27,3289.72,17
118,2024,7,527582.32,412.892,9.16,1454.2,8
118,2024,8,694591.41,758.664,9.18,2666.79,14
118,2024,9,608343.21,371.861,9.31,1331.32,12
118,2024,10,533074.6,263.75,5.54,1536.42,7
118,2024,11,488385.16,245.679,5.19,1576.47,8
118,2024,12,543602.48,308.843,9.07,1098.88,8
118,2025,1,480126.22,175.749,9.25,612.92,5
118,2025,2,463048.56,316.844,4.94,2288.9,10
118,2025,3,382788.34,225.313,5.45,1333.59,6
118,2025,4,715797.42,900.358,9.68,3100.4,14
118,2025,5,614150.82,298.864,5.19,1857.08,9
118,2025,6,607535.72,356.924,5.03,2365.89,18
118,2025,7,585427.26,375.38,8.87,1365.48,8
118,2025,8,916273.31,1057.85,9.47,3603.72,20
118,2025,9,788805.55,370.599,7.44,1659.77,17
118,2025,10,971671.23,837.238,6.86,3937.22,21
118,2025,11,894211.75,611.995,4.93,4137.5,16
118,2025,12,903339.11,622.781,5.44,3695.6,17
119,2024,1,411520.58,203.012,6.33,1035.18,6
119,2024,2,596983.93,624.294,8.9,2417.45,19
119,2024,3,764981.7,719.998,9.41,2467.15,14
119,2024,4,741268.83,404.253,9.77,1378.63,9
119,2024,5,1121480.08,1155.664,8.38,4450.71,20
119,2024,6,818334.31,177.479,3.39,1743.9,15
119,2024,7,834591.55,633.073,8.91,2291.98,10
119,2024,8,731158.0,444.576,6.5,2206.34,11
119,2024,9,632857.5,325.805,8.25,1316.94,14
119,2024,10,613460.25,476.143,9.38,1637.53,8
119,2024,11,660556.2,503.246,5.97,2810.86,17
119,2024,12,579401.29,314.907,5.66,1795.82,8
119,2025,1,559863.77,345.948,5.7,1958.04,11
119,2025,2,677305.68,530.737,5.98,3170.8,19
119,2025,3,653333.49,311.135,5.8,1731.03,8
119,2025,4,643252.78,447.49,4.82,3091.59,12
119,2025,5,691286.49,541.896,5.72,3055.9,19
119,2025,6,746624.07,556.299,7.25,2556.34,16
119,2025,7,726276.59,457.343,6.31,2337.96,16
119,2025,8,508472.2,82.353,5.46,486.76,6
119,2025,9,766566.33,938.261,9.52,3285.58,16
119,2025,10,735359.54,393.274,9.83,1290.68,5
119,2025,11,1125449.15,1219.014,8.45,4808.22,19
119,2025,12,925392.64,473.835,3.51,4352.43,17
120,2024,1,222613.83,95.276,4.7,653.35,5
120,2024,2,301875.76,333.171,6.86,1674.45,11
120,2024,3,389650.69,384.728,5.45,2277.16,9
120,2024,4,446152.64,351.385,3.41,3433.92,15
120,2024,5,498028.91,523.196,4.7,3589.09,20
120,2024,6,533904.71,299.787,8.47,1179.54,7
120,2024,7,626450.68,483.877,4.97,3139.18,20
120,2024,8,665446.35,431.721,5.5,2534.12,12
120,2024,9,578276.44,302.792,7.83,1288.62,9
120,2024,10,610639.9,597.206,6.75,2854.25,19
120,2024,11,476528.37,202.684,3.25,2081.55,14
120,2024,12,694263.45,647.293,5.54,3766.04,18
120,2025,1,598631.68,351.098,3.89,2912.88,13
120,2025,2,407088.96,86.456,3.45,894.55,10
120,2025,3,732323.92,788.215,6.77,3757.95,15
120,2025,4,730462.66,424.253,5.7,2482.26,14
120,2025,5,971940.95,931.514,7.47,4024.09,21
120,2025,6,838463.95,407.796,8.59,1581.78,8
120,2025,7,638261.69,231.226,3.77,1980.19,8
120,2025,8,548584.08,336.162,7.9,1371.85,6
120,2025,9,496957.8,233.322,3.18,2443.04,16
120,2025,10,539046.96,429.201,4.74,2922.03,17
120,2025,11,697481.02,669.187,9.36,2382.25,12
120,2025,12,684480.55,500.719,9.21,1754.12,11
